log_id,camera_id,detected_at,object_class,confidence,bbox_x,bbox_y,bbox_width,bbox_height
1,3,2024-06-05 16:48:00,person,0.87,1700,777,45,193
2,2,2024-06-04 02:04:00,person,0.99,220,371,279,231
3,3,2024-06-02 15:52:00,vehicle,0.953,192,773,103,237
4,3,2024-06-03 03:40:00,vehicle,0.898,278,482,140,88
5,2,2024-06-05 20:35:00,person,0.687,1557,303,108,244
6,2,2024-06-03 01:33:00,vehicle,0.817,1181,142,115,215
7,3,2024-06-03 00:20:00,person,0.99,936,21,277,259
8,4,2024-06-07 00:47:00,person,0.635,1388,727,23,25
9,2,2024-06-07 12:42:00,vehicle,0.597,300,731,131,208
10,3,2024-06-03 00:13:00,vehicle,0.701,1042,62,250,26
11,3,2024-06-05 18:04:00,person,0.702,1744,276,293,70
12,3,2024-06-05 14:44:00,unattended_bag,0.925,1036,511,89,209
13,2,2024-06-05 19:19:00,unattended_bag,0.858,1149,127,85,97
14,1,2024-06-07 08:49:00,person,0.593,642,528,257,187
16,3,2024-06-03 11:31:00,person,0.99,1727,16,27,31
17,2,2024-06-04 05:45:00,vehicle,0.823,171,614,60,174
18,2,2024-06-01 17:01:00,vehicle,0.84,98,295,207,283
19,4,2024-06-01 16:52:00,person,0.824,725,285,102,108
20,1,2024-06-04 05:15:00,vehicle,0.443,920,832,298,103
21,1,2024-06-07 22:48:00,person,0.889,244,494,138,106
22,2,2024-06-04 02:06:00,person,0.694,1136,436,93,119
24,4,2024-06-02 07:48:00,person,0.744,225,91,282,152
25,2,2024-06-03 02:09:00,person,0.928,1655,703,215,216
26,4,2024-06-01 10:41:00,person,0.819,762,320,190,280
27,4,2024-06-03 09:58:00,person,0.962,908,961,66,100
28,3,2024-06-01 05:24:00,person,0.824,231,232,81,129
29,4,2024-06-06 04:00:00,person,0.907,1530,30,181,282
30,3,2024-06-05 23:24:00,vehicle,0.866,45,737,61,158
31,1,2024-06-04 00:29:00,person,0.728,1554,132,149,68
32,4,2024-06-07 02:58:00,vehicle,0.724,1472,154,278,234
33,1,2024-06-01 07:47:00,person,0.742,986,771,229,251
34,1,2024-06-05 07:26:00,vehicle,0.735,725,115,245,194
36,2,2024-06-04 15:23:00,vehicle,0.772,1594,357,135,24
37,1,2024-06-07 01:11:00,person,0.894,379,806,276,89
38,4,2024-06-04 09:55:00,vehicle,0.99,1649,844,110,273
39,3,2024-06-05 01:45:00,person,0.754,1095,616,278,97
40,1,2024-06-06 00:03:00,vehicle,0.853,106,899,217,94
41,2,2024-06-07 13:23:00,vehicle,0.767,870,853,136,50
42,2,2024-06-02 04:10:00,person,0.74,267,826,221,48
43,4,2024-06-02 13:32:00,vehicle,0.622,167,536,220,127
44,4,2024-06-04 02:38:00,person,0.847,1362,266,136,275
45,2,2024-06-02 17:04:00,person,0.61,1077,395,86,256
46,1,2024-06-03 11:50:00,vehicle,0.828,828,653,123,259
47,3,2024-06-06 06:38:00,person,0.99,876,634,30,277
48,1,2024-06-04 14:50:00,vehicle,0.824,685,452,184,173
49,3,2024-06-07 12:59:00,person,0.774,138,316,165,118
50,1,2024-06-02 08:38:00,person,0.844,770,822,74,236
51,3,2024-06-05 09:41:00,person,0.81,1084,349,236,284
52,4,2024-06-01 09:53:00,vehicle,0.642,1243,21,139,268
53,2,2024-06-05 15:12:00,person,0.99,1179,333,49,149
55,3,2024-06-04 05:14:00,person,0.693,1219,356,201,222
56,3,2024-06-01 20:59:00,person,0.757,845,523,93,299
58,4,2024-06-07 17:23:00,person,0.78,1068,337,44,290
59,4,2024-06-06 12:45:00,person,0.788,263,242,114,216
60,1,2024-06-04 18:27:00,person,0.787,368,997,54,33
61,4,2024-06-02 06:47:00,unattended_bag,0.821,1121,67,124,282
62,2,2024-06-02 05:39:00,person,0.702,112,441,78,101
63,4,2024-06-02 04:59:00,person,0.983,479,555,51,20
64,4,2024-06-01 21:31:00,person,0.87,1723,838,212,121
65,1,2024-06-01 06:47:00,vehicle,0.783,242,445,29,275
66,1,2024-06-07 22:30:00,vehicle,0.743,1441,27,125,65
67,3,2024-06-05 07:03:00,vehicle,0.914,644,910,209,123
68,2,2024-06-01 09:49:00,person,0.814,1105,463,107,88
69,3,2024-06-07 13:14:00,person,0.715,809,717,267,147
70,2,2024-06-04 19:44:00,person,0.88,900,378,110,136
71,1,2024-06-02 20:12:00,vehicle,0.666,1494,571,257,79
72,3,2024-06-07 01:32:00,vehicle,0.83,630,522,116,276
73,1,2024-06-07 03:00:00,person,0.761,415,665,201,195
74,2,2024-06-07 08:09:00,person,0.823,693,230,124,166
75,2,2024-06-01 23:21:00,person,0.679,174,817,233,251
76,1,2024-06-05 23:48:00,vehicle,0.963,469,569,177,22
78,4,2024-06-03 12:58:00,vehicle,0.99,1136,527,260,60
79,3,2024-06-05 01:07:00,vehicle,0.838,539,638,62,21
80,1,2024-06-05 06:43:00,person,0.655,884,55,60,251
81,3,2024-06-05 13:26:00,vehicle,0.801,1523,624,225,73
82,3,2024-06-06 14:54:00,vehicle,0.931,655,783,145,84
83,3,2024-06-04 09:06:00,person,0.774,300,796,240,189
84,2,2024-06-05 16:42:00,person,0.746,1653,658,202,30
85,1,2024-06-06 10:03:00,person,0.553,924,901,48,214
86,2,2024-06-03 02:15:00,vehicle,0.818,1240,747,138,212
87,2,2024-06-07 07:31:00,person,0.632,360,659,31,247
88,3,2024-06-07 23:15:00,person,0.691,1066,840,40,126
89,2,2024-06-01 13:15:00,vehicle,0.732,143,591,253,154
90,1,2024-06-01 23:23:00,vehicle,0.745,1326,611,125,183
91,4,2024-06-06 09:02:00,person,0.956,250,383,246,174
92,4,2024-06-04 14:27:00,vehicle,0.792,1639,270,121,111
93,2,2024-06-01 14:04:00,person,0.611,1149,201,133,26
94,4,2024-06-07 17:31:00,person,0.793,682,697,30,225
95,4,2024-06-01 13:13:00,person,0.748,1353,424,285,220
96,4,2024-06-06 14:33:00,vehicle,0.89,637,889,21,33
97,3,2024-06-03 12:06:00,person,0.928,1109,458,55,237
98,1,2024-06-03 22:02:00,vehicle,0.99,481,476,168,185
99,1,2024-06-04 05:35:00,vehicle,0.799,529,210,272,65
100,3,2024-06-04 13:56:00,person,0.99,478,701,32,257
101,3,2024-06-03 20:32:00,person,0.967,418,476,262,24
102,4,2024-06-04 00:00:00,person,0.799,1451,206,212,169
103,3,2024-06-02 00:31:00,person,0.676,812,745,242,72
104,2,2024-06-06 06:19:00,person,0.99,800,773,74,145
105,4,2024-06-05 05:57:00,vehicle,0.889,1181,251,264,214
107,2,2024-06-02 15:52:00,vehicle,0.867,26,264,279,98
108,3,2024-06-05 19:27:00,unattended_bag,0.789,356,400,215,73
109,2,2024-06-03 18:28:00,unattended_bag,0.67,552,723,60,179
110,4,2024-06-07 06:08:00,person,0.877,1299,472,145,145
111,2,2024-06-07 21:33:00,person,0.907,981,663,207,130
112,2,2024-06-05 09:04:00,vehicle,0.745,432,659,230,98
113,3,2024-06-06 02:05:00,person,0.918,1663,140,180,172
114,1,2024-06-03 18:29:00,vehicle,0.915,1657,575,217,192
115,4,2024-06-02 14:06:00,person,0.818,908,152,215,195
116,2,2024-06-04 13:20:00,person,0.814,245,969,293,140
117,1,2024-06-04 04:15:00,vehicle,0.99,1196,227,27,26
119,3,2024-06-03 14:32:00,unattended_bag,0.754,1422,445,240,217
120,3,2024-06-07 00:40:00,person,0.858,287,531,282,238
121,1,2024-06-07 09:29:00,vehicle,0.924,1111,298,282,128
122,1,2024-06-01 09:01:00,person,0.856,232,328,38,52
123,2,2024-06-07 01:50:00,person,0.932,912,260,80,238
124,1,2024-06-06 09:15:00,person,0.678,1404,930,44,247
125,4,2024-06-05 06:39:00,vehicle,0.727,1157,98,260,256
126,4,2024-06-03 00:31:00,vehicle,0.841,970,306,261,23
127,2,2024-06-01 22:02:00,vehicle,0.766,765,333,151,115
128,4,2024-06-04 00:29:00,person,0.753,1154,153,74,210
129,4,2024-06-02 20:35:00,vehicle,0.731,457,546,114,70
130,4,2024-06-07 03:56:00,unattended_bag,0.809,1783,232,135,292
131,2,2024-06-03 18:14:00,vehicle,0.772,1641,836,91,262
132,3,2024-06-02 21:06:00,vehicle,0.863,1096,826,233,103
133,2,2024-06-03 02:47:00,vehicle,0.878,1575,126,218,274
134,4,2024-06-04 13:14:00,person,0.637,1055,600,286,172
135,4,2024-06-04 06:06:00,person,0.661,491,186,179,244
136,1,2024-06-02 04:26:00,vehicle,0.86,195,853,92,48
137,3,2024-06-04 01:23:00,person,0.824,78,489,290,193
138,2,2024-06-03 03:17:00,unattended_bag,0.977,1011,586,243,167
139,3,2024-06-02 08:38:00,vehicle,0.885,1018,57,143,218
140,1,2024-06-03 23:50:00,person,0.916,1083,885,192,175
141,3,2024-06-02 11:25:00,person,0.8,1750,601,192,252
142,4,2024-06-07 12:15:00,unattended_bag,0.696,1242,172,63,107
143,4,2024-06-05 07:56:00,vehicle,0.872,1702,939,32,43
144,3,2024-06-02 06:20:00,person,0.833,1068,373,242,106
145,1,2024-06-07 02:05:00,person,0.662,367,979,74,190
146,4,2024-06-06 04:53:00,unattended_bag,0.974,564,189,184,266
147,4,2024-06-02 04:49:00,person,0.99,1322,373,292,154
148,3,2024-06-01 13:04:00,person,0.932,812,231,38,238
149,3,2024-06-01 04:16:00,person,0.739,1269,735,170,259
150,3,2024-06-02 06:24:00,vehicle,0.99,945,515,267,116
151,3,2024-06-04 06:39:00,person,0.58,523,221,83,114
152,1,2024-06-05 12:24:00,person,0.856,358,611,25,265
153,4,2024-06-03 21:32:00,person,0.714,1690,384,245,166
154,2,2024-06-03 19:36:00,person,0.505,1654,256,255,34
155,2,2024-06-07 18:17:00,person,0.859,1051,772,269,93
156,4,2024-06-07 11:47:00,vehicle,0.804,951,631,174,212
157,3,2024-06-01 03:11:00,vehicle,0.746,628,536,260,187
158,2,2024-06-07 10:18:00,vehicle,0.815,1554,456,130,69
159,2,2024-06-07 13:22:00,person,0.99,119,226,136,197
160,3,2024-06-02 07:12:00,person,0.74,524,160,24,103
161,2,2024-06-03 20:38:00,vehicle,0.872,1606,713,51,39
162,3,2024-06-01 18:09:00,person,0.928,1559,195,31,31
163,3,2024-06-04 20:29:00,person,0.823,900,113,121,39
164,3,2024-06-03 13:31:00,person,0.915,450,394,81,157
165,3,2024-06-03 17:35:00,person,0.99,785,567,142,121
166,3,2024-06-06 07:17:00,person,0.801,583,867,261,142
167,3,2024-06-02 03:51:00,person,0.99,329,608,180,140
168,4,2024-06-06 01:42:00,person,0.824,417,881,222,83
169,3,2024-06-05 02:58:00,person,0.807,539,649,295,177
170,2,2024-06-07 10:52:00,person,0.788,573,425,51,151
171,4,2024-06-04 04:09:00,vehicle,0.78,858,877,293,81
172,2,2024-06-03 12:04:00,vehicle,0.622,1258,476,224,179
173,4,2024-06-04 05:01:00,person,0.836,597,462,94,206
174,2,2024-06-01 01:10:00,person,0.758,1451,502,84,169
175,2,2024-06-03 15:31:00,person,0.778,68,970,126,128
176,4,2024-06-06 10:44:00,person,0.964,482,621,249,264
177,1,2024-06-06 18:36:00,person,0.767,378,599,76,249
178,3,2024-06-07 19:09:00,person,0.659,1718,397,294,162
179,2,2024-06-01 06:03:00,person,0.865,18,655,188,77
180,2,2024-06-06 08:57:00,vehicle,0.745,703,810,41,187
181,1,2024-06-06 21:09:00,person,0.824,814,786,188,98
182,2,2024-06-04 12:36:00,person,0.705,1454,424,259,123
183,1,2024-06-01 01:21:00,person,0.99,1087,987,215,179
184,2,2024-06-05 07:20:00,person,0.81,961,931,272,41
185,3,2024-06-03 02:22:00,vehicle,0.719,666,426,79,188
186,3,2024-06-07 08:36:00,vehicle,0.752,1561,730,142,183
187,1,2024-06-06 03:56:00,person,0.562,434,636,299,50
188,2,2024-06-03 12:09:00,person,0.863,1713,273,216,262
189,4,2024-06-02 21:48:00,vehicle,0.766,1529,814,278,210
190,3,2024-06-05 08:29:00,person,0.916,119,702,123,65
191,3,2024-06-06 07:59:00,person,0.612,1597,647,231,98
192,2,2024-06-03 17:18:00,vehicle,0.703,56,727,75,44
193,1,2024-06-01 16:34:00,person,0.483,1316,584,116,221
194,2,2024-06-02 23:48:00,person,0.956,1059,711,255,129
195,4,2024-06-05 01:03:00,person,0.896,97,5,91,160
196,3,2024-06-03 07:51:00,person,0.99,153,731,197,45
198,4,2024-06-01 18:55:00,vehicle,0.735,38,352,234,136
199,3,2024-06-03 12:45:00,vehicle,0.945,1343,834,48,134
201,2,2024-06-02 21:07:00,person,0.731,1310,706,253,239
202,2,2024-06-03 08:36:00,person,0.817,856,672,74,129
203,1,2024-06-04 22:31:00,person,0.715,708,803,151,70
204,3,2024-06-05 12:05:00,person,0.969,651,876,30,259
205,3,2024-06-02 17:41:00,person,0.99,544,661,142,211
207,3,2024-06-02 11:01:00,vehicle,0.773,370,690,71,212
208,1,2024-06-05 22:17:00,unattended_bag,0.922,164,354,109,69
209,1,2024-06-01 03:42:00,person,0.945,753,602,42,56
210,2,2024-06-07 04:49:00,person,0.661,1455,298,125,173
211,4,2024-06-07 05:41:00,person,0.914,645,695,167,184
212,1,2024-06-07 13:42:00,person,0.797,1387,845,197,181
213,4,2024-06-03 02:46:00,vehicle,0.867,473,789,137,62
214,2,2024-06-06 22:38:00,person,0.887,1794,531,91,25
215,3,2024-06-06 06:56:00,unattended_bag,0.871,477,168,91,155
216,1,2024-06-01 18:32:00,unattended_bag,0.701,255,574,289,253
217,4,2024-06-01 08:47:00,person,0.763,1049,957,215,213
218,3,2024-06-01 03:55:00,person,0.91,621,780,223,175
219,4,2024-06-03 11:21:00,unattended_bag,0.958,1786,85,122,63
220,3,2024-06-07 12:44:00,person,0.938,917,897,285,258
221,4,2024-06-04 04:11:00,person,0.76,612,680,181,194
222,3,2024-06-04 12:40:00,person,0.942,346,853,32,105
223,1,2024-06-07 23:32:00,person,0.747,66,906,248,133
224,2,2024-06-04 07:22:00,vehicle,0.669,1553,648,223,113
225,4,2024-06-04 00:31:00,person,0.868,36,482,206,239
226,2,2024-06-07 11:49:00,vehicle,0.72,1009,625,290,84
227,2,2024-06-01 06:28:00,person,0.602,86,262,32,220
229,1,2024-06-07 05:00:00,person,0.863,92,6,32,188
230,3,2024-06-02 14:17:00,person,0.949,769,745,93,59
232,4,2024-06-06 23:47:00,person,0.788,946,502,40,149
233,2,2024-06-07 09:27:00,person,0.848,1348,228,210,80
234,1,2024-06-03 12:27:00,person,0.9,25,634,197,222
235,3,2024-06-05 16:59:00,person,0.615,528,93,195,255
236,3,2024-06-07 00:16:00,person,0.758,733,631,49,119
237,4,2024-06-06 03:40:00,person,0.755,463,901,249,42
238,3,2024-06-02 12:49:00,person,0.741,1212,615,299,165
239,4,2024-06-07 03:11:00,vehicle,0.845,519,123,273,105
240,3,2024-06-06 18:45:00,vehicle,0.804,245,422,169,99
241,3,2024-06-04 09:52:00,person,0.892,898,572,175,176
242,4,2024-06-06 03:25:00,person,0.78,1428,34,235,237
243,3,2024-06-01 12:33:00,person,0.693,1697,448,172,95
244,2,2024-06-04 04:33:00,person,0.99,1178,103,248,223
245,2,2024-06-06 05:16:00,vehicle,0.513,1410,550,117,61
246,4,2024-06-04 14:05:00,person,0.89,763,387,95,103
247,4,2024-06-07 10:21:00,person,0.785,501,643,297,70
248,4,2024-06-07 06:14:00,person,0.953,701,521,58,41
249,2,2024-06-03 23:18:00,person,0.911,491,886,215,57
250,1,2024-06-04 08:08:00,person,0.823,1267,718,98,288
251,4,2024-06-04 20:55:00,person,0.82,712,288,70,286
252,4,2024-06-03 16:03:00,person,0.69,249,801,22,76
253,2,2024-06-07 19:52:00,person,0.866,837,222,270,168
254,1,2024-06-03 09:45:00,person,0.915,705,420,281,203
255,4,2024-06-04 15:19:00,vehicle,0.939,674,394,190,77
256,2,2024-06-03 23:24:00,person,0.754,714,832,151,206
257,4,2024-06-02 16:00:00,person,0.859,1158,37,34,225
258,1,2024-06-05 22:17:00,person,0.487,1652,809,108,220
259,4,2024-06-01 21:35:00,vehicle,0.75,1499,743,259,25
260,1,2024-06-02 22:43:00,person,0.672,687,576,139,204
261,2,2024-06-07 13:35:00,person,0.738,151,114,286,226
262,2,2024-06-03 06:11:00,person,0.821,136,707,271,75
263,4,2024-06-06 10:29:00,person,0.491,1736,836,87,111
264,1,2024-06-06 02:36:00,person,0.812,1425,518,275,268
265,4,2024-06-04 10:51:00,person,0.824,825,955,104,152
266,3,2024-06-03 07:17:00,person,0.749,1259,811,130,27
267,1,2024-06-05 09:22:00,vehicle,0.857,1100,25,44,149
268,2,2024-06-01 10:37:00,person,0.733,320,657,181,179
269,1,2024-06-06 01:49:00,person,0.959,638,382,279,26
270,3,2024-06-04 04:13:00,person,0.801,1773,184,55,38
271,2,2024-06-06 04:35:00,person,0.735,950,723,207,27
272,4,2024-06-07 16:41:00,person,0.881,492,840,182,264
273,3,2024-06-01 18:39:00,person,0.873,1389,542,159,50
274,4,2024-06-01 22:50:00,person,0.908,1337,187,254,249
275,1,2024-06-01 19:31:00,person,0.783,1667,865,79,261
276,1,2024-06-04 10:52:00,person,0.862,1740,617,53,295
277,2,2024-06-07 20:29:00,person,0.721,308,913,262,84
278,4,2024-06-02 05:44:00,person,0.838,1783,169,168,174
279,1,2024-06-07 21:12:00,person,0.839,108,378,272,282
280,4,2024-06-06 15:48:00,person,0.671,1324,715,257,35
282,3,2024-06-06 18:14:00,person,0.914,741,910,209,81
283,2,2024-06-07 04:19:00,person,0.615,864,267,257,153
284,2,2024-06-04 07:32:00,vehicle,0.99,929,189,94,222
285,3,2024-06-05 06:57:00,vehicle,0.955,1758,790,50,229
286,3,2024-06-07 03:26:00,unattended_bag,0.747,636,97,159,185
287,2,2024-06-02 10:46:00,person,0.806,1355,474,222,51
288,1,2024-06-03 19:22:00,person,0.718,279,871,124,147
289,2,2024-06-06 04:14:00,person,0.99,598,764,129,123
290,2,2024-06-06 17:25:00,person,0.952,1618,315,135,76
291,3,2024-06-07 09:45:00,person,0.891,554,770,282,120
292,4,2024-06-02 23:29:00,vehicle,0.811,409,757,278,36
293,4,2024-06-03 16:11:00,person,0.844,1019,294,243,63
294,3,2024-06-07 07:13:00,vehicle,0.742,368,901,94,237
295,3,2024-06-03 12:46:00,person,0.99,902,146,147,153
296,4,2024-06-05 04:19:00,vehicle,0.843,560,769,45,69
297,4,2024-06-05 07:52:00,person,0.875,375,954,252,157
298,2,2024-06-01 00:33:00,person,0.99,937,542,194,285
299,4,2024-06-03 17:49:00,person,0.923,1252,173,252,160
300,4,2024-06-04 18:23:00,person,0.693,798,968,22,221
301,1,2024-06-06 08:56:00,vehicle,0.628,303,34,283,27
302,1,2024-06-03 04:00:00,person,0.824,470,399,132,98
303,2,2024-06-05 11:36:00,vehicle,0.955,1782,62,135,293
304,3,2024-06-03 11:36:00,person,0.86,1302,40,91,30
305,3,2024-06-05 10:21:00,vehicle,0.803,1258,47,138,127
306,4,2024-06-07 00:15:00,person,0.696,509,317,31,253
307,1,2024-06-05 02:32:00,vehicle,0.99,1399,188,224,156
309,3,2024-06-07 12:21:00,person,0.694,219,293,211,264
310,1,2024-06-01 19:36:00,person,0.715,1188,832,91,190
311,2,2024-06-02 19:58:00,person,0.758,643,861,27,179
312,3,2024-06-04 02:19:00,person,0.755,1637,443,253,28
313,4,2024-06-01 17:59:00,person,0.854,837,348,237,85
314,4,2024-06-05 22:15:00,person,0.881,487,732,58,88
315,4,2024-06-02 18:19:00,person,0.699,1109,722,249,208
316,3,2024-06-02 16:18:00,person,0.787,824,422,136,104
317,3,2024-06-03 02:23:00,vehicle,0.708,1345,350,292,239
318,2,2024-06-06 11:52:00,person,0.881,932,144,148,228
319,4,2024-06-06 07:15:00,person,0.931,526,674,188,263
320,1,2024-06-04 02:58:00,person,0.712,1484,134,29,289
321,3,2024-06-02 15:12:00,vehicle,0.763,1517,217,149,212
322,3,2024-06-02 12:12:00,vehicle,0.871,1581,507,162,22
323,2,2024-06-05 16:41:00,person,0.871,1585,836,39,264
324,2,2024-06-01 11:04:00,person,0.588,330,846,75,20
326,1,2024-06-02 11:23:00,person,0.736,1283,623,283,118
327,4,2024-06-04 12:16:00,person,0.816,287,575,223,187
328,1,2024-06-05 02:01:00,unattended_bag,0.77,1718,478,162,204
329,2,2024-06-01 14:28:00,vehicle,0.856,729,736,139,105
330,3,2024-06-01 16:57:00,person,0.871,1571,479,265,166
331,4,2024-06-04 19:53:00,person,0.864,975,906,232,263
332,1,2024-06-01 23:05:00,person,0.739,681,742,247,21
333,4,2024-06-04 05:56:00,vehicle,0.763,762,319,288,120
334,1,2024-06-02 03:29:00,person,0.866,512,343,191,173
335,4,2024-06-01 09:41:00,person,0.804,1134,906,189,176
336,2,2024-06-05 22:46:00,person,0.869,1426,160,207,28
337,4,2024-06-06 17:32:00,vehicle,0.985,1150,584,30,224
338,4,2024-06-03 15:08:00,vehicle,0.647,144,253,145,50
339,4,2024-06-07 14:45:00,person,0.669,1472,14,92,217
340,2,2024-06-02 22:55:00,person,0.936,51,572,245,30
342,4,2024-06-02 14:22:00,person,0.847,105,818,258,52
343,3,2024-06-05 05:12:00,person,0.707,502,71,152,103
344,3,2024-06-03 18:54:00,vehicle,0.854,1761,976,79,102
346,1,2024-06-02 18:10:00,vehicle,0.911,331,89,242,259
347,2,2024-06-03 16:22:00,person,0.65,1075,796,296,286
348,1,2024-06-03 00:32:00,person,0.763,779,730,295,266
349,1,2024-06-02 17:17:00,person,0.807,1092,198,62,158
350,4,2024-06-01 23:03:00,person,0.924,1625,666,79,82
352,1,2024-06-06 04:12:00,person,0.872,123,750,59,103
353,2,2024-06-01 20:24:00,vehicle,0.935,1069,308,230,40
354,3,2024-06-07 15:09:00,person,0.777,1257,594,163,46
355,3,2024-06-01 04:00:00,person,0.745,66,241,299,22
356,2,2024-06-04 08:50:00,person,0.977,258,355,26,221
357,1,2024-06-07 22:17:00,person,0.626,1776,835,183,100
358,2,2024-06-03 07:54:00,person,0.774,202,469,30,241
359,4,2024-06-04 15:44:00,vehicle,0.756,1727,426,296,286
360,2,2024-06-02 19:20:00,person,0.732,1171,811,53,179
361,3,2024-06-06 15:03:00,person,0.826,1675,60,239,157
362,2,2024-06-06 06:49:00,vehicle,0.7,587,13,127,231
363,2,2024-06-05 22:31:00,vehicle,0.893,1092,339,247,119
364,4,2024-06-07 02:53:00,vehicle,0.867,482,393,120,106
365,4,2024-06-05 14:32:00,person,0.914,606,271,221,142
366,3,2024-06-06 23:49:00,vehicle,0.808,1777,142,296,91
367,4,2024-06-03 22:57:00,person,0.817,1596,143,189,68
368,4,2024-06-02 18:59:00,vehicle,0.663,560,196,94,145
369,4,2024-06-07 16:37:00,person,0.797,1667,776,42,94
370,4,2024-06-04 14:42:00,person,0.8,1488,507,152,261
371,2,2024-06-06 10:22:00,person,0.752,1127,629,24,244
372,4,2024-06-02 11:21:00,person,0.832,775,974,292,185
373,3,2024-06-01 03:16:00,vehicle,0.794,1069,133,116,217
374,3,2024-06-05 10:35:00,person,0.762,758,991,284,109
375,3,2024-06-05 12:24:00,person,0.808,46,319,77,104
376,1,2024-06-01 06:07:00,person,0.824,1528,493,103,81
377,2,2024-06-06 09:13:00,person,0.879,1532,783,113,133
378,2,2024-06-03 23:17:00,person,0.693,1407,975,35,122
379,3,2024-06-07 12:01:00,person,0.894,221,797,140,192
380,3,2024-06-01 09:55:00,vehicle,0.824,1193,271,145,30
381,4,2024-06-04 04:44:00,vehicle,0.755,1773,997,247,58
383,4,2024-06-04 15:42:00,vehicle,0.768,1361,364,103,48
385,1,2024-06-07 17:53:00,person,0.798,1168,205,72,53
386,1,2024-06-07 01:00:00,person,0.785,599,877,179,55
387,2,2024-06-05 08:16:00,person,0.779,22,548,284,26
388,3,2024-06-03 18:02:00,person,0.99,117,266,203,286
389,1,2024-06-04 23:43:00,person,0.959,1407,797,31,149
390,3,2024-06-05 17:33:00,person,0.962,155,123,82,281
391,1,2024-06-05 10:59:00,person,0.899,956,807,113,202
392,3,2024-06-04 01:13:00,person,0.722,1042,853,97,240
393,4,2024-06-03 05:42:00,vehicle,0.867,123,619,25,244
394,4,2024-06-02 07:05:00,person,0.99,1355,422,218,198
395,3,2024-06-04 04:31:00,vehicle,0.832,1583,632,40,103
396,2,2024-06-06 06:26:00,vehicle,0.84,190,384,27,71
397,3,2024-06-02 20:11:00,person,0.739,740,528,132,175
398,4,2024-06-03 11:23:00,person,0.99,314,399,144,277
399,3,2024-06-04 04:27:00,person,0.659,440,913,131,132
400,1,2024-06-02 14:35:00,person,0.586,1642,890,138,210
401,3,2024-06-03 22:41:00,person,0.931,1091,930,145,226
402,4,2024-06-04 03:36:00,person,0.924,476,875,188,115
404,1,2024-06-07 03:29:00,vehicle,0.856,177,95,61,25
405,1,2024-06-06 01:13:00,vehicle,0.824,1300,125,82,241
406,3,2024-06-04 04:04:00,person,0.864,440,26,285,222
407,1,2024-06-06 18:33:00,person,0.706,628,584,284,103
408,3,2024-06-05 07:01:00,vehicle,0.883,783,496,171,116
410,4,2024-06-01 17:48:00,vehicle,0.797,678,792,274,77
411,1,2024-06-06 07:26:00,person,0.798,918,173,49,29
412,4,2024-06-03 19:43:00,person,0.754,351,597,235,166
413,2,2024-06-06 17:22:00,vehicle,0.734,1264,128,32,187
414,3,2024-06-03 12:31:00,person,0.877,1649,999,251,109
415,4,2024-06-03 14:50:00,vehicle,0.807,936,291,22,29
416,3,2024-06-06 15:45:00,vehicle,0.884,449,615,226,81
417,3,2024-06-07 02:01:00,vehicle,0.902,609,39,50,82
418,4,2024-06-04 17:24:00,person,0.825,532,317,201,104
421,1,2024-06-07 12:32:00,vehicle,0.809,577,197,213,229
422,2,2024-06-01 07:30:00,person,0.927,83,908,248,66
423,3,2024-06-01 12:19:00,person,0.747,7,987,59,266
424,4,2024-06-05 08:18:00,person,0.777,1301,172,110,42
425,4,2024-06-02 20:06:00,person,0.66,1245,24,34,199
426,1,2024-06-04 12:27:00,vehicle,0.97,1590,358,242,200
428,2,2024-06-04 13:26:00,vehicle,0.879,1259,350,143,157
429,3,2024-06-01 17:04:00,person,0.99,1098,432,107,173
430,1,2024-06-04 21:30:00,person,0.908,1063,545,43,211
431,3,2024-06-04 16:12:00,person,0.773,1441,65,78,208
432,2,2024-06-01 00:23:00,person,0.907,388,938,43,210
433,1,2024-06-01 05:00:00,person,0.824,834,515,74,242
434,2,2024-06-02 23:59:00,vehicle,0.891,1740,488,68,224
435,2,2024-06-06 00:45:00,vehicle,0.957,1120,192,174,163
436,3,2024-06-04 09:40:00,person,0.655,1109,863,100,175
437,2,2024-06-01 23:11:00,vehicle,0.701,496,703,91,246
438,2,2024-06-04 18:42:00,person,0.728,1492,727,44,296
439,3,2024-06-06 00:51:00,person,0.99,740,258,102,58
440,1,2024-06-04 16:27:00,person,0.99,480,925,223,201
441,2,2024-06-05 06:12:00,person,0.788,91,132,109,90
442,1,2024-06-05 22:31:00,person,0.723,964,291,287,150
443,3,2024-06-04 01:46:00,person,0.874,781,624,208,235
444,4,2024-06-03 07:22:00,person,0.853,916,794,45,169
445,3,2024-06-01 05:26:00,vehicle,0.99,209,990,273,178
446,3,2024-06-07 23:48:00,person,0.917,1705,82,213,205
448,4,2024-06-03 08:59:00,unattended_bag,0.763,196,234,188,123
449,2,2024-06-01 19:11:00,vehicle,0.883,344,665,205,286
450,4,2024-06-03 15:54:00,person,0.732,1185,130,112,21
451,1,2024-06-05 06:11:00,person,0.764,708,126,230,52
452,2,2024-06-04 17:34:00,person,0.888,1192,606,168,84
453,3,2024-06-03 03:26:00,vehicle,0.949,257,488,121,228
454,4,2024-06-07 05:30:00,vehicle,0.852,158,45,214,202
455,3,2024-06-04 06:00:00,person,0.956,1090,113,198,20
456,1,2024-06-01 02:03:00,person,0.91,180,845,143,42
457,1,2024-06-07 15:18:00,person,0.916,834,349,71,56
458,3,2024-06-01 07:18:00,vehicle,0.99,97,499,108,169
459,3,2024-06-07 13:26:00,vehicle,0.898,204,27,130,84
460,1,2024-06-02 03:33:00,person,0.745,40,700,127,69
463,1,2024-06-05 19:00:00,person,0.803,964,346,30,217
464,1,2024-06-07 05:32:00,vehicle,0.777,910,595,64,283
465,4,2024-06-03 05:58:00,person,0.797,1110,270,167,145
466,1,2024-06-06 10:31:00,vehicle,0.851,1772,92,218,118
467,3,2024-06-04 12:47:00,person,0.823,176,293,270,187
468,4,2024-06-01 03:36:00,person,0.566,561,291,299,56
469,4,2024-06-06 10:41:00,person,0.85,445,95,96,202
470,4,2024-06-03 06:01:00,person,0.597,763,211,116,85
471,1,2024-06-06 15:05:00,unattended_bag,0.451,238,319,147,96
472,3,2024-06-04 19:25:00,vehicle,0.711,1537,550,278,198
473,4,2024-06-04 04:42:00,vehicle,0.65,1685,331,199,119
474,2,2024-06-05 11:33:00,person,0.685,914,337,255,92
475,3,2024-06-07 23:12:00,person,0.778,400,9,131,246
476,4,2024-06-02 05:25:00,person,0.843,282,321,276,141
477,2,2024-06-06 23:48:00,person,0.708,755,284,277,252
478,3,2024-06-03 08:03:00,vehicle,0.924,1541,572,292,125
479,4,2024-06-06 11:50:00,person,0.71,4,179,59,253
480,2,2024-06-07 02:20:00,person,0.748,55,968,79,98
481,1,2024-06-07 00:33:00,vehicle,0.796,1076,321,143,185
482,3,2024-06-06 08:21:00,unattended_bag,0.981,447,872,280,99
483,4,2024-06-04 17:39:00,person,0.876,610,738,114,88
484,1,2024-06-04 19:06:00,person,0.768,275,955,90,157
485,4,2024-06-02 06:25:00,vehicle,0.824,754,810,210,258
486,3,2024-06-02 10:15:00,vehicle,0.667,511,676,49,41
487,4,2024-06-07 06:01:00,vehicle,0.924,1722,425,159,292
488,3,2024-06-05 07:36:00,vehicle,0.628,196,123,71,116
489,3,2024-06-02 08:45:00,vehicle,0.874,1413,748,196,42
490,3,2024-06-05 17:08:00,vehicle,0.878,192,29,243,262
491,2,2024-06-06 23:13:00,vehicle,0.476,381,165,121,139
492,3,2024-06-05 06:44:00,person,0.838,335,75,165,223
493,3,2024-06-03 08:17:00,person,0.756,1351,74,79,50
494,1,2024-06-05 20:04:00,vehicle,0.704,152,217,235,68
495,2,2024-06-01 10:57:00,person,0.876,1168,193,162,177
496,3,2024-06-01 23:20:00,person,0.707,1749,108,77,178
497,2,2024-06-04 12:23:00,person,0.805,39,19,228,98
498,4,2024-06-02 13:53:00,person,0.796,279,763,40,89
499,2,2024-06-07 11:59:00,vehicle,0.64,1460,573,146,267
500,4,2024-06-05 03:15:00,person,0.842,1470,979,290,113
501,2,2024-06-01 04:31:00,person,0.733,1292,833,30,166
502,4,2024-06-03 07:42:00,person,0.964,583,376,76,56
503,4,2024-06-02 19:54:00,vehicle,0.771,1326,612,280,285
504,1,2024-06-05 19:40:00,person,0.854,1375,416,32,277
505,3,2024-06-01 18:21:00,vehicle,0.678,355,370,295,267
506,4,2024-06-07 13:19:00,vehicle,0.739,682,756,114,121
507,2,2024-06-07 20:06:00,person,0.693,1005,119,174,62
508,4,2024-06-07 15:58:00,vehicle,0.839,827,715,51,50
509,1,2024-06-04 16:39:00,vehicle,0.816,1220,698,283,103
510,1,2024-06-02 04:34:00,person,0.983,1735,641,210,153
511,3,2024-06-03 01:37:00,person,0.694,936,679,55,199
512,2,2024-06-04 00:45:00,vehicle,0.855,773,139,271,167
513,4,2024-06-02 00:48:00,person,0.864,63,306,292,274
514,4,2024-06-06 00:40:00,person,0.835,1368,755,106,275
515,3,2024-06-05 17:51:00,vehicle,0.87,1210,801,33,193
516,3,2024-06-06 23:08:00,vehicle,0.774,573,765,48,36
517,3,2024-06-06 16:25:00,vehicle,0.99,850,283,115,262
518,4,2024-06-06 02:07:00,person,0.859,1265,979,270,45
519,1,2024-06-02 16:49:00,unattended_bag,0.928,527,694,50,45
520,1,2024-06-05 04:50:00,person,0.99,592,937,52,68
521,1,2024-06-06 13:54:00,vehicle,0.814,500,699,166,120
522,4,2024-06-03 02:13:00,person,0.955,899,221,245,201
523,1,2024-06-01 01:56:00,vehicle,0.824,767,763,185,271
524,1,2024-06-05 04:53:00,person,0.824,1236,915,289,99
525,3,2024-06-02 03:14:00,person,0.826,828,116,114,185
526,1,2024-06-06 18:07:00,person,0.737,132,304,264,270
527,3,2024-06-04 06:31:00,vehicle,0.537,1687,734,171,64
528,1,2024-06-06 13:22:00,person,0.787,422,442,274,127
529,1,2024-06-03 12:06:00,vehicle,0.676,1308,522,139,253
530,3,2024-06-01 20:40:00,person,0.769,1119,807,211,233
531,3,2024-06-05 01:30:00,person,0.598,1422,26,254,297
532,3,2024-06-02 20:33:00,person,0.837,547,357,195,42
533,4,2024-06-07 13:31:00,vehicle,0.683,1592,73,118,100
534,4,2024-06-07 05:39:00,person,0.945,915,941,66,82
535,3,2024-06-02 06:50:00,person,0.824,1733,571,61,180
536,3,2024-06-07 09:55:00,vehicle,0.99,502,653,165,214
537,2,2024-06-04 03:36:00,person,0.836,548,332,121,109
538,4,2024-06-04 01:28:00,vehicle,0.94,441,529,216,206
539,2,2024-06-07 05:27:00,person,0.852,357,166,230,33
540,4,2024-06-03 17:08:00,person,0.853,157,722,241,102
541,1,2024-06-07 04:59:00,vehicle,0.929,1363,302,131,82
542,2,2024-06-02 16:19:00,person,0.883,959,356,132,77
543,2,2024-06-01 10:23:00,person,0.66,1463,492,163,29
544,2,2024-06-06 17:37:00,person,0.841,614,503,202,38
545,4,2024-06-01 10:55:00,person,0.7,1508,553,212,23
546,3,2024-06-04 04:23:00,person,0.953,1233,685,241,259
547,1,2024-06-04 04:37:00,person,0.565,1271,947,204,147
549,4,2024-06-07 05:36:00,person,0.827,311,582,211,44
550,3,2024-06-05 15:04:00,person,0.821,1606,368,67,267
551,3,2024-06-04 22:07:00,person,0.293,1205,321,180,239
552,3,2024-06-03 09:33:00,person,0.824,691,87,186,276
553,4,2024-06-03 06:13:00,vehicle,0.792,1082,851,127,109
554,3,2024-06-05 11:19:00,person,0.889,644,671,120,250
556,2,2024-06-02 06:10:00,person,0.99,395,239,135,230
557,4,2024-06-05 09:11:00,person,0.666,697,957,177,146
558,4,2024-06-04 04:55:00,person,0.878,79,603,122,145
560,1,2024-06-04 02:09:00,vehicle,0.797,881,334,123,153
561,4,2024-06-05 05:20:00,vehicle,0.843,449,955,72,63
562,3,2024-06-07 08:28:00,person,0.728,1593,848,89,173
564,4,2024-06-03 17:49:00,person,0.99,1000,815,65,21
565,2,2024-06-04 09:27:00,person,0.99,1148,263,97,236
566,4,2024-06-05 20:55:00,person,0.792,332,508,254,193
567,1,2024-06-01 12:39:00,person,0.502,917,561,259,99
569,3,2024-06-03 05:42:00,vehicle,0.987,710,973,143,208
570,2,2024-06-03 13:35:00,person,0.64,560,38,206,217
571,2,2024-06-03 07:31:00,person,0.775,651,999,288,70
572,4,2024-06-06 17:40:00,person,0.913,660,927,155,53
573,2,2024-06-01 18:31:00,vehicle,0.89,123,284,181,22
574,1,2024-06-05 09:55:00,person,0.85,759,710,31,186
575,4,2024-06-01 06:32:00,person,0.75,851,850,106,55
576,1,2024-06-07 17:22:00,unattended_bag,0.895,1637,145,119,105
577,3,2024-06-02 16:18:00,person,0.79,23,534,113,104
578,3,2024-06-06 01:07:00,vehicle,0.813,1478,662,90,228
579,1,2024-06-04 22:41:00,vehicle,0.841,1236,437,49,77
580,4,2024-06-03 10:58:00,person,0.716,1323,46,152,279
581,1,2024-06-06 08:28:00,vehicle,0.919,404,514,59,221
583,2,2024-06-04 20:17:00,person,0.555,398,141,255,287
584,2,2024-06-02 11:36:00,vehicle,0.819,426,795,213,51
585,3,2024-06-05 15:54:00,vehicle,0.99,1522,12,184,88
586,1,2024-06-06 06:21:00,person,0.958,1510,3,37,66
587,1,2024-06-03 11:14:00,person,0.73,1023,135,23,230
588,4,2024-06-04 02:31:00,person,0.819,1146,969,163,50
589,4,2024-06-03 04:15:00,person,0.955,118,882,22,208
590,2,2024-06-02 11:55:00,person,0.864,1763,233,238,208
591,4,2024-06-07 22:55:00,person,0.778,38,988,285,259
592,1,2024-06-04 22:41:00,vehicle,0.815,1186,625,285,113
593,3,2024-06-04 14:17:00,person,0.687,1470,520,291,267
594,3,2024-06-02 03:38:00,person,0.784,1284,328,111,198
595,1,2024-06-07 11:37:00,person,0.661,319,257,148,280
596,1,2024-06-07 18:25:00,vehicle,0.711,1781,890,181,241
597,1,2024-06-04 19:33:00,person,0.863,1295,905,159,137
598,3,2024-06-03 18:18:00,person,0.702,584,29,166,260
599,4,2024-06-02 19:38:00,person,0.839,1699,618,231,289
600,1,2024-06-06 10:09:00,person,0.907,231,230,47,299
602,1,2024-06-04 15:15:00,person,0.812,258,231,239,38
603,1,2024-06-01 12:51:00,person,0.731,24,528,205,230
604,1,2024-06-03 07:46:00,person,0.824,197,529,90,132
605,4,2024-06-04 04:40:00,person,0.767,602,887,171,51
607,2,2024-06-03 23:46:00,vehicle,0.668,396,758,56,117
608,3,2024-06-06 13:34:00,vehicle,0.81,245,325,213,214
609,3,2024-06-04 06:20:00,person,0.881,830,986,34,192
610,1,2024-06-06 03:40:00,person,0.777,267,714,252,210
611,4,2024-06-02 08:22:00,vehicle,0.764,766,846,95,89
612,2,2024-06-07 07:55:00,person,0.99,763,713,274,290
613,3,2024-06-04 21:37:00,unattended_bag,0.824,282,170,57,105
614,1,2024-06-03 12:14:00,vehicle,0.942,744,188,283,147
615,3,2024-06-05 04:52:00,person,0.922,241,526,103,213
616,1,2024-06-06 02:23:00,vehicle,0.904,122,944,102,152
617,1,2024-06-04 21:25:00,vehicle,0.763,482,808,67,262
618,3,2024-06-02 13:49:00,vehicle,0.99,1589,24,24,199
619,4,2024-06-01 17:56:00,person,0.832,370,216,99,230
620,2,2024-06-07 05:37:00,person,0.759,1308,335,100,201
621,2,2024-06-02 00:10:00,person,0.99,217,995,58,133
622,2,2024-06-04 12:36:00,unattended_bag,0.953,710,780,138,233
623,4,2024-06-03 22:59:00,person,0.99,1477,211,78,37
624,1,2024-06-07 03:03:00,person,0.99,1758,166,223,155
625,1,2024-06-02 12:32:00,person,0.955,832,378,276,159
626,4,2024-06-01 18:30:00,vehicle,0.887,1042,993,61,92
628,3,2024-06-04 05:34:00,person,0.837,1329,787,92,56
629,2,2024-06-07 03:14:00,person,0.926,177,743,66,281
630,3,2024-06-02 12:24:00,person,0.779,1175,822,286,128
631,1,2024-06-07 09:44:00,person,0.871,1385,960,130,278
632,1,2024-06-07 10:50:00,person,0.964,1708,253,101,88
633,4,2024-06-03 00:55:00,person,0.99,1418,723,108,141
634,2,2024-06-05 05:20:00,person,0.781,1744,860,74,48
635,4,2024-06-06 21:13:00,vehicle,0.734,1242,130,281,61
636,2,2024-06-02 10:39:00,vehicle,0.649,744,621,232,214
637,2,2024-06-03 14:19:00,person,0.763,429,518,179,121
638,2,2024-06-07 17:54:00,person,0.921,274,61,90,89
639,2,2024-06-02 05:26:00,person,0.633,1521,938,113,168
640,1,2024-06-06 10:14:00,vehicle,0.85,673,786,85,238
641,3,2024-06-07 14:52:00,person,0.739,579,576,256,200
642,3,2024-06-01 13:54:00,vehicle,0.99,649,275,241,235
643,2,2024-06-07 00:27:00,person,0.89,1418,589,87,144
644,1,2024-06-01 20:33:00,person,0.888,809,598,247,169
645,3,2024-06-04 09:53:00,person,0.922,1448,360,249,161
646,3,2024-06-02 09:33:00,person,0.822,212,142,119,104
647,2,2024-06-01 09:13:00,person,0.718,244,95,85,193
648,3,2024-06-01 02:52:00,person,0.959,444,267,134,259
649,3,2024-06-05 08:06:00,vehicle,0.927,1773,248,138,81
650,4,2024-06-07 19:42:00,person,0.95,600,367,51,291
651,3,2024-06-05 04:02:00,person,0.89,406,766,87,174
652,1,2024-06-01 01:30:00,person,0.746,1523,227,241,26
654,3,2024-06-04 06:47:00,vehicle,0.976,172,63,111,145
655,2,2024-06-06 11:34:00,vehicle,0.859,945,934,54,222
657,2,2024-06-05 00:54:00,person,0.99,1516,74,229,244
658,3,2024-06-04 08:13:00,person,0.959,849,558,63,127
659,3,2024-06-02 18:36:00,person,0.882,1113,173,58,294
660,3,2024-06-03 08:36:00,person,0.815,1541,744,122,153
661,3,2024-06-07 03:39:00,vehicle,0.99,576,40,245,43
662,1,2024-06-03 15:10:00,person,0.99,1412,463,190,202
663,3,2024-06-01 03:34:00,vehicle,0.824,544,392,128,145
664,4,2024-06-05 05:38:00,person,0.922,454,843,30,91
665,3,2024-06-07 22:00:00,person,0.858,62,480,215,28
666,3,2024-06-06 11:19:00,person,0.806,184,828,71,76
667,1,2024-06-01 10:45:00,vehicle,0.735,634,280,85,297
668,2,2024-06-02 18:06:00,person,0.593,786,569,56,60
669,2,2024-06-01 21:57:00,person,0.828,1603,926,86,91
670,4,2024-06-03 09:59:00,vehicle,0.726,770,508,132,290
671,4,2024-06-05 05:21:00,person,0.798,234,125,64,255
672,1,2024-06-06 01:53:00,person,0.702,678,523,230,212
673,1,2024-06-05 07:36:00,person,0.677,904,78,147,204
674,3,2024-06-02 22:59:00,person,0.698,1331,713,50,38
675,1,2024-06-07 14:17:00,person,0.824,727,349,149,294
676,3,2024-06-05 09:14:00,vehicle,0.778,350,548,134,110
677,4,2024-06-04 12:36:00,vehicle,0.829,1340,496,227,130
678,3,2024-06-07 10:04:00,person,0.916,1263,651,214,223
679,4,2024-06-01 14:33:00,person,0.855,434,591,182,95
682,3,2024-06-06 12:27:00,person,0.99,362,156,204,24
683,4,2024-06-01 17:05:00,vehicle,0.737,777,407,267,217
684,2,2024-06-05 23:19:00,person,0.871,1446,54,297,187
685,3,2024-06-02 17:32:00,person,0.99,29,908,113,159
686,1,2024-06-06 10:05:00,person,0.824,1445,340,235,130
687,4,2024-06-04 01:04:00,vehicle,0.942,628,954,108,290
688,4,2024-06-02 10:36:00,vehicle,0.907,467,836,41,123
689,4,2024-06-04 21:14:00,person,0.66,220,603,186,291
690,3,2024-06-06 19:06:00,vehicle,0.727,1331,782,32,37
691,2,2024-06-01 05:07:00,unattended_bag,0.586,1714,115,174,284
692,3,2024-06-03 04:34:00,person,0.871,1528,811,189,102
693,3,2024-06-01 15:27:00,person,0.912,903,158,22,116
694,4,2024-06-07 12:08:00,person,0.99,1518,32,235,160
696,4,2024-06-06 18:50:00,person,0.698,1143,167,275,270
697,4,2024-06-02 20:14:00,person,0.663,1230,726,30,154
698,1,2024-06-02 18:54:00,person,0.85,1349,175,238,203
699,1,2024-06-02 11:12:00,person,0.79,598,501,102,77
700,3,2024-06-03 20:09:00,person,0.822,1646,536,111,84
701,2,2024-06-06 23:29:00,person,0.768,1152,210,217,216
702,2,2024-06-02 14:37:00,person,0.917,98,76,165,228
703,1,2024-06-02 07:56:00,person,0.832,1636,954,248,231
704,2,2024-06-05 13:17:00,person,0.983,283,417,294,203
705,2,2024-06-06 05:29:00,vehicle,0.99,50,463,80,237
706,4,2024-06-02 22:24:00,vehicle,0.742,865,699,71,40
707,2,2024-06-03 09:07:00,vehicle,0.787,130,366,142,101
708,4,2024-06-05 21:45:00,unattended_bag,0.561,1596,788,270,291
709,1,2024-06-06 11:33:00,person,0.606,1050,850,256,178
710,4,2024-06-05 04:25:00,person,0.937,501,510,126,228
711,4,2024-06-05 09:44:00,vehicle,0.786,1607,35,109,190
712,1,2024-06-01 10:32:00,person,0.824,33,306,57,183
713,3,2024-06-05 10:48:00,person,0.824,1428,645,131,228
714,1,2024-06-01 03:18:00,vehicle,0.726,917,403,23,150
715,2,2024-06-05 23:08:00,person,0.947,291,429,155,218
716,2,2024-06-02 00:44:00,person,0.84,741,169,183,45
717,1,2024-06-01 14:29:00,person,0.824,271,181,227,156
718,4,2024-06-06 17:06:00,vehicle,0.891,50,553,213,49
719,1,2024-06-07 11:14:00,vehicle,0.673,782,877,94,61
720,3,2024-06-07 18:08:00,person,0.957,855,916,244,281
721,3,2024-06-04 19:10:00,person,0.748,1568,302,32,66
722,3,2024-06-05 05:02:00,person,0.814,814,386,200,250
723,4,2024-06-03 05:29:00,person,0.745,1429,585,205,46
724,2,2024-06-04 01:13:00,person,0.696,1526,465,35,178
725,4,2024-06-03 17:04:00,vehicle,0.871,1190,792,272,216
726,3,2024-06-03 14:43:00,person,0.703,823,763,260,44
727,1,2024-06-07 12:46:00,person,0.81,289,558,120,110
728,4,2024-06-02 17:42:00,person,0.922,495,727,121,186
729,2,2024-06-01 02:50:00,vehicle,0.866,1064,516,176,176
730,2,2024-06-06 15:24:00,person,0.878,311,309,36,50
731,3,2024-06-06 12:45:00,vehicle,0.747,960,537,171,129
732,3,2024-06-04 22:38:00,vehicle,0.832,1448,381,88,228
733,4,2024-06-01 22:28:00,person,0.791,849,543,120,56
734,4,2024-06-06 15:43:00,person,0.695,1649,356,67,262
735,2,2024-06-01 17:41:00,person,0.763,1706,724,287,138
736,4,2024-06-07 09:07:00,vehicle,0.581,1590,737,174,160
737,2,2024-06-06 12:05:00,person,0.91,91,95,278,113
738,3,2024-06-01 07:55:00,vehicle,0.652,426,680,193,198
739,1,2024-06-05 03:15:00,person,0.843,1599,352,61,81
740,2,2024-06-07 07:44:00,vehicle,0.824,291,440,156,183
741,2,2024-06-06 07:42:00,person,0.784,643,817,243,297
742,2,2024-06-04 18:05:00,person,0.988,1663,104,34,67
743,1,2024-06-07 15:22:00,person,0.757,1276,406,28,264
744,4,2024-06-02 13:45:00,person,0.789,77,618,103,112
745,1,2024-06-03 15:18:00,person,0.903,421,972,206,241
746,4,2024-06-03 06:55:00,vehicle,0.675,1298,907,173,57
747,1,2024-06-01 20:49:00,person,0.705,40,5,74,224
748,3,2024-06-06 01:04:00,person,0.911,962,677,33,134
750,3,2024-06-01 20:13:00,person,0.961,1056,116,157,204
751,4,2024-06-03 10:11:00,person,0.851,1176,646,203,23
752,3,2024-06-01 05:22:00,person,0.858,219,549,175,33
753,4,2024-06-07 07:28:00,vehicle,0.95,1312,895,143,225
754,1,2024-06-07 13:09:00,person,0.619,1527,140,115,226
755,2,2024-06-03 01:34:00,vehicle,0.736,1348,361,41,45
756,2,2024-06-05 19:54:00,person,0.932,1183,79,139,89
757,4,2024-06-03 09:49:00,vehicle,0.732,0,563,256,52
758,4,2024-06-06 03:51:00,vehicle,0.815,10,236,66,59
759,3,2024-06-04 03:53:00,person,0.852,1511,708,28,233
760,2,2024-06-02 07:22:00,vehicle,0.636,171,537,255,112
761,1,2024-06-02 21:20:00,vehicle,0.773,1079,366,190,158
762,2,2024-06-03 01:58:00,person,0.801,519,428,28,161
764,2,2024-06-05 08:35:00,vehicle,0.914,1585,944,244,197
765,2,2024-06-02 12:49:00,vehicle,0.656,1303,744,72,78
766,2,2024-06-03 17:43:00,vehicle,0.939,654,953,71,133
767,4,2024-06-06 15:16:00,vehicle,0.883,1409,187,130,298
768,2,2024-06-01 19:35:00,vehicle,0.859,1128,952,86,123
769,4,2024-06-06 00:18:00,unattended_bag,0.849,1531,348,227,46
770,2,2024-06-02 05:22:00,person,0.662,531,3,278,132
771,3,2024-06-02 13:42:00,vehicle,0.856,184,768,23,156
772,2,2024-06-05 11:29:00,person,0.875,1641,935,220,141
773,3,2024-06-06 18:23:00,vehicle,0.723,1783,846,260,199
774,4,2024-06-02 08:39:00,vehicle,0.813,982,262,171,259
775,1,2024-06-04 14:13:00,person,0.949,1273,646,205,134
776,2,2024-06-06 10:42:00,person,0.764,221,369,79,222
777,1,2024-06-07 01:43:00,person,0.99,887,733,269,24
779,4,2024-06-01 13:35:00,person,0.745,215,490,248,102
780,4,2024-06-01 22:11:00,person,0.83,944,578,205,53
781,4,2024-06-01 06:20:00,person,0.828,1726,43,258,252
782,3,2024-06-06 13:25:00,person,0.632,760,477,79,281
784,2,2024-06-04 16:00:00,vehicle,0.737,1765,751,297,98
786,1,2024-06-05 08:24:00,person,0.762,1046,356,81,137
787,1,2024-06-04 15:35:00,vehicle,0.73,674,79,268,162
788,1,2024-06-02 02:55:00,vehicle,0.933,678,13,292,86
789,1,2024-06-06 00:20:00,person,0.966,1266,868,43,210
790,1,2024-06-06 09:21:00,person,0.72,1011,602,297,160
791,1,2024-06-02 03:38:00,vehicle,0.841,553,239,264,271
792,4,2024-06-04 12:32:00,person,0.795,1337,930,170,117
793,1,2024-06-03 11:05:00,unattended_bag,0.782,23,489,41,37
794,4,2024-06-05 21:37:00,person,0.99,1696,270,134,68
795,3,2024-06-01 17:50:00,vehicle,0.881,371,209,48,62
796,3,2024-06-02 02:45:00,person,0.641,405,379,81,149
797,1,2024-06-06 17:01:00,unattended_bag,0.829,1613,735,253,82
798,3,2024-06-01 14:15:00,person,0.815,809,918,225,99
799,3,2024-06-01 17:43:00,person,0.7,441,528,178,260
800,4,2024-06-03 07:25:00,unattended_bag,0.688,1205,735,247,295
801,3,2024-06-04 08:47:00,vehicle,0.821,119,563,239,291
802,3,2024-06-05 01:21:00,person,0.879,160,701,53,224
805,1,2024-06-05 17:03:00,person,0.622,1049,351,63,297
806,1,2024-06-06 19:11:00,person,0.926,942,558,294,79
807,3,2024-06-05 08:35:00,vehicle,0.846,193,90,248,235
808,1,2024-06-07 05:34:00,vehicle,0.824,1113,926,247,45
809,1,2024-06-04 06:09:00,vehicle,0.911,1599,726,220,203
810,3,2024-06-04 00:22:00,vehicle,0.609,1509,967,21,177
811,4,2024-06-06 23:25:00,vehicle,0.81,17,489,175,23
812,3,2024-06-01 08:12:00,person,0.99,1156,974,287,249
813,3,2024-06-07 21:08:00,person,0.866,1605,161,180,289
814,2,2024-06-03 23:51:00,person,0.789,618,563,236,257
815,3,2024-06-03 07:57:00,person,0.689,1044,748,32,115
816,3,2024-06-03 10:11:00,vehicle,0.593,1250,163,259,189
817,4,2024-06-03 23:38:00,person,0.821,1503,439,33,263
818,2,2024-06-04 02:36:00,person,0.719,43,47,190,82
819,4,2024-06-02 17:45:00,person,0.713,197,266,286,23
820,2,2024-06-07 04:28:00,person,0.99,753,353,111,251
821,2,2024-06-03 09:11:00,vehicle,0.823,892,570,30,52
822,3,2024-06-06 06:09:00,vehicle,0.755,1762,418,92,112
823,1,2024-06-05 09:17:00,person,0.804,379,912,112,178
824,3,2024-06-03 00:07:00,vehicle,0.973,903,970,135,241
825,4,2024-06-01 16:12:00,person,0.641,62,891,110,134
826,4,2024-06-02 16:17:00,person,0.629,1630,573,95,32
827,4,2024-06-02 10:20:00,person,0.669,449,690,162,74
828,2,2024-06-04 23:49:00,person,0.905,247,431,147,113
829,2,2024-06-01 13:05:00,person,0.829,340,81,221,161
830,3,2024-06-03 08:33:00,person,0.982,202,90,291,138
832,2,2024-06-02 09:01:00,person,0.751,42,123,57,228
833,2,2024-06-03 18:35:00,person,0.916,646,912,289,85
834,2,2024-06-03 23:22:00,vehicle,0.99,510,360,99,29
835,2,2024-06-02 06:26:00,person,0.99,141,477,216,79
836,2,2024-06-01 21:20:00,person,0.858,986,267,76,103
838,4,2024-06-03 13:24:00,person,0.853,1080,112,271,64
839,4,2024-06-03 11:35:00,person,0.795,30,501,130,264
840,2,2024-06-07 12:35:00,person,0.99,262,951,131,27
841,1,2024-06-07 18:35:00,person,0.797,1513,180,180,109
842,1,2024-06-01 00:37:00,person,0.831,771,601,206,105
843,4,2024-06-03 09:58:00,person,0.99,461,770,92,128
844,1,2024-06-07 08:02:00,unattended_bag,0.813,1657,572,273,120
845,4,2024-06-01 20:57:00,person,0.841,96,292,270,251
847,3,2024-06-06 14:58:00,vehicle,0.98,849,196,154,259
848,1,2024-06-05 19:57:00,vehicle,0.972,10,327,127,285
849,2,2024-06-03 11:22:00,vehicle,0.924,249,976,283,168
850,1,2024-06-04 09:51:00,unattended_bag,0.99,763,50,213,132
851,2,2024-06-02 11:29:00,person,0.824,989,336,148,164
852,1,2024-06-03 04:36:00,vehicle,0.939,1604,749,60,44
853,4,2024-06-02 13:58:00,person,0.919,845,208,214,20
854,1,2024-06-04 16:28:00,person,0.633,881,965,142,68
855,2,2024-06-01 01:45:00,person,0.866,493,718,185,186
856,1,2024-06-01 10:31:00,person,0.9,1335,935,187,43
857,4,2024-06-06 08:49:00,vehicle,0.601,910,810,109,123
858,2,2024-06-01 06:03:00,person,0.444,821,48,273,240
859,4,2024-06-02 19:34:00,person,0.884,722,213,198,244
860,3,2024-06-06 09:22:00,person,0.644,282,526,54,84
861,1,2024-06-03 23:49:00,person,0.898,1002,728,288,148
862,1,2024-06-01 02:11:00,person,0.705,549,267,69,252
863,4,2024-06-01 18:01:00,vehicle,0.947,1686,220,239,26
864,3,2024-06-01 15:02:00,person,0.971,1743,738,257,285
865,3,2024-06-05 04:54:00,person,0.771,1405,17,144,211
866,4,2024-06-07 19:54:00,person,0.781,1731,855,193,72
867,4,2024-06-01 14:13:00,person,0.898,1450,779,182,62
868,2,2024-06-01 20:29:00,vehicle,0.985,4,999,284,294
869,1,2024-06-04 19:12:00,person,0.74,1247,856,238,209
870,1,2024-06-03 07:34:00,person,0.873,572,500,35,181
871,2,2024-06-04 22:55:00,person,0.841,950,124,205,76
872,3,2024-06-07 09:56:00,person,0.824,1579,676,120,154
873,2,2024-06-07 11:35:00,unattended_bag,0.754,642,345,97,175
874,2,2024-06-04 08:38:00,vehicle,0.801,1617,327,294,270
875,2,2024-06-03 20:01:00,person,0.728,487,374,153,239
876,4,2024-06-06 06:07:00,person,0.85,1445,475,207,261
878,3,2024-06-04 10:35:00,person,0.99,815,374,285,228
879,3,2024-06-07 06:59:00,person,0.678,1197,528,61,238
880,4,2024-06-06 04:11:00,person,0.824,1586,399,29,282
881,4,2024-06-02 08:16:00,person,0.855,587,478,142,251
882,4,2024-06-05 21:37:00,person,0.648,279,564,32,161
883,1,2024-06-06 18:45:00,person,0.74,840,922,21,237
884,3,2024-06-06 04:51:00,unattended_bag,0.821,350,808,287,116
885,3,2024-06-07 22:29:00,person,0.956,896,967,167,45
886,2,2024-06-05 06:28:00,vehicle,0.904,521,187,269,64
887,2,2024-06-06 12:57:00,unattended_bag,0.805,25,70,267,30
888,4,2024-06-05 23:31:00,person,0.838,1029,340,283,142
889,1,2024-06-04 13:27:00,person,0.837,1150,922,243,203
890,1,2024-06-01 21:42:00,vehicle,0.99,1196,289,284,204
892,2,2024-06-05 07:03:00,vehicle,0.64,84,844,178,241
893,4,2024-06-07 18:12:00,unattended_bag,0.901,146,319,83,69
894,3,2024-06-02 19:43:00,person,0.696,70,885,261,165
895,2,2024-06-04 10:57:00,unattended_bag,0.687,77,598,131,136
896,2,2024-06-04 05:07:00,person,0.824,1737,291,95,205
897,3,2024-06-04 09:07:00,person,0.85,326,835,243,255
898,1,2024-06-05 16:45:00,person,0.736,1682,839,293,165
899,1,2024-06-01 12:13:00,person,0.798,918,282,185,21
900,1,2024-06-07 11:11:00,vehicle,0.888,1727,671,137,37
901,4,2024-06-02 22:43:00,person,0.578,1486,119,168,188
902,1,2024-06-02 01:50:00,person,0.859,938,369,119,243
903,4,2024-06-01 14:06:00,person,0.618,1189,537,163,72
904,4,2024-06-07 13:05:00,vehicle,0.828,1379,409,213,140
905,3,2024-06-02 18:39:00,person,0.976,952,722,196,21
906,3,2024-06-04 17:06:00,person,0.99,520,779,255,192
907,1,2024-06-03 19:59:00,person,0.822,811,880,207,58
908,1,2024-06-06 09:32:00,person,0.916,1002,489,76,64
909,4,2024-06-07 08:53:00,vehicle,0.683,835,757,190,40
910,3,2024-06-07 09:52:00,person,0.866,625,988,144,121
911,3,2024-06-05 10:17:00,person,0.882,1126,14,272,215
912,4,2024-06-07 23:17:00,vehicle,0.888,929,831,36,216
913,4,2024-06-02 09:24:00,person,0.866,1534,389,161,49
914,3,2024-06-03 17:30:00,person,0.887,1579,610,27,252
916,3,2024-06-06 02:26:00,person,0.927,1751,955,93,74
917,1,2024-06-03 11:02:00,vehicle,0.81,1155,79,137,266
918,3,2024-06-03 10:54:00,vehicle,0.72,1245,376,175,136
919,1,2024-06-05 11:00:00,person,0.99,73,48,216,86
920,3,2024-06-07 01:10:00,person,0.99,1503,407,180,75
921,1,2024-06-04 23:32:00,person,0.849,1520,96,130,229
922,3,2024-06-05 04:23:00,person,0.892,1230,704,100,66
923,4,2024-06-01 15:47:00,person,0.765,40,71,239,171
924,1,2024-06-01 10:55:00,person,0.965,1645,891,178,84
925,1,2024-06-02 19:49:00,vehicle,0.842,1295,660,219,71
926,3,2024-06-05 21:24:00,person,0.896,1172,911,65,102
927,2,2024-06-06 00:46:00,vehicle,0.57,668,221,295,60
928,1,2024-06-02 00:30:00,person,0.718,730,9,65,136
929,4,2024-06-04 03:05:00,person,0.811,58,356,141,277
930,1,2024-06-05 18:41:00,person,0.718,829,626,239,49
931,1,2024-06-04 18:41:00,vehicle,0.828,311,640,114,128
932,4,2024-06-06 23:03:00,person,0.84,624,852,82,33
933,3,2024-06-04 14:32:00,vehicle,0.878,7,766,188,288
934,4,2024-06-01 16:10:00,vehicle,0.941,98,348,214,82
935,1,2024-06-06 17:15:00,person,0.75,1615,30,22,203
936,4,2024-06-01 05:48:00,person,0.842,63,100,211,58
937,2,2024-06-06 19:28:00,vehicle,0.701,1391,733,295,58
938,1,2024-06-06 03:51:00,person,0.869,1566,192,267,173
939,2,2024-06-01 11:39:00,person,0.814,899,44,241,137
940,3,2024-06-03 22:15:00,vehicle,0.561,615,733,273,209
941,2,2024-06-02 03:27:00,vehicle,0.773,129,389,91,86
942,3,2024-06-03 16:50:00,person,0.939,923,612,289,262
944,4,2024-06-07 11:19:00,vehicle,0.928,1185,590,229,238
945,3,2024-06-07 21:23:00,person,0.858,251,953,187,34
946,2,2024-06-02 08:24:00,person,0.63,278,129,186,69
948,1,2024-06-02 00:44:00,person,0.99,1539,68,247,27
949,4,2024-06-01 05:36:00,vehicle,0.893,240,94,61,109
950,2,2024-06-06 08:41:00,vehicle,0.99,210,121,179,288
951,1,2024-06-06 11:36:00,person,0.76,99,690,259,28
952,1,2024-06-01 04:10:00,person,0.527,9,328,272,254
953,3,2024-06-07 14:40:00,person,0.953,207,659,238,161
954,1,2024-06-06 12:56:00,person,0.832,1511,879,274,55
955,1,2024-06-07 04:17:00,unattended_bag,0.813,1667,446,242,72
956,1,2024-06-03 14:46:00,person,0.828,257,773,82,271
957,2,2024-06-07 17:08:00,person,0.728,613,666,203,198
958,2,2024-06-07 01:12:00,person,0.885,90,936,285,172
959,4,2024-06-07 00:25:00,person,0.794,1537,162,80,28
960,3,2024-06-07 11:17:00,vehicle,0.824,1520,709,163,246
961,2,2024-06-01 15:36:00,vehicle,0.906,233,881,113,131
962,4,2024-06-07 15:09:00,vehicle,0.811,260,787,105,240
963,1,2024-06-01 03:11:00,person,0.814,93,983,288,296
964,2,2024-06-06 07:07:00,person,0.919,1039,257,182,108
965,3,2024-06-01 23:45:00,person,0.734,1483,116,83,129
966,2,2024-06-02 10:29:00,vehicle,0.809,908,102,214,51
967,2,2024-06-01 07:07:00,vehicle,0.928,521,550,149,269
968,2,2024-06-02 19:23:00,person,0.864,791,539,29,215
969,1,2024-06-06 03:52:00,person,0.842,971,810,147,231
970,2,2024-06-01 12:12:00,vehicle,0.644,1509,166,126,226
971,3,2024-06-04 10:58:00,person,0.861,819,661,129,292
972,1,2024-06-02 20:51:00,person,0.773,697,265,74,108
973,3,2024-06-04 18:52:00,person,0.802,1734,391,200,276
974,2,2024-06-04 03:18:00,person,0.897,835,672,285,107
975,3,2024-06-01 05:26:00,person,0.7,270,318,179,61
976,4,2024-06-03 04:03:00,person,0.863,203,981,64,167
977,2,2024-06-03 04:51:00,vehicle,0.765,474,801,181,107
978,1,2024-06-01 16:49:00,vehicle,0.887,1301,145,227,161
979,2,2024-06-02 22:36:00,vehicle,0.824,627,59,156,104
980,1,2024-06-07 17:21:00,vehicle,0.844,1035,50,184,74
981,4,2024-06-02 14:17:00,person,0.99,976,916,78,179
982,1,2024-06-06 14:25:00,person,0.834,655,567,227,173
983,1,2024-06-05 06:08:00,person,0.793,100,680,109,138
984,1,2024-06-06 09:15:00,person,0.82,777,62,271,261
985,3,2024-06-06 08:52:00,unattended_bag,0.874,615,350,58,133
986,2,2024-06-06 16:46:00,person,0.964,569,154,35,260
987,1,2024-06-03 05:02:00,vehicle,0.538,1079,959,263,133
988,4,2024-06-02 19:48:00,vehicle,0.981,694,224,110,30
989,2,2024-06-07 04:30:00,vehicle,0.982,1044,669,113,224
990,4,2024-06-04 15:31:00,person,0.99,701,209,161,75
991,2,2024-06-04 11:47:00,vehicle,0.816,1353,22,121,206
992,1,2024-06-06 18:53:00,vehicle,0.722,329,33,120,282
993,3,2024-06-03 11:11:00,person,0.623,1793,540,87,222
994,1,2024-06-05 16:14:00,person,0.99,786,809,290,183
995,4,2024-06-04 13:08:00,person,0.99,947,172,214,278
997,4,2024-06-04 13:34:00,vehicle,0.732,1455,896,137,188
998,2,2024-06-07 13:49:00,person,0.609,1518,72,153,212
999,4,2024-06-07 09:17:00,person,0.852,148,838,129,135
1000,3,2024-06-05 13:01:00,person,0.832,478,222,225,137
1001,2,2024-06-02 03:09:00,person,0.824,959,478,71,172
1002,1,2024-06-01 18:16:00,person,0.824,485,464,136,227
1003,4,2024-06-05 12:41:00,person,0.897,709,130,280,293
1004,3,2024-06-05 18:56:00,vehicle,0.99,1320,864,293,264
1005,4,2024-06-05 08:16:00,person,0.825,1529,594,82,133
1006,2,2024-06-04 04:31:00,person,0.867,1654,669,244,111
1007,2,2024-06-04 22:43:00,person,0.916,209,108,254,138
1008,4,2024-06-02 06:37:00,vehicle,0.918,1026,950,110,206
1009,4,2024-06-03 04:29:00,person,0.648,777,984,226,278
1010,2,2024-06-02 21:52:00,person,0.736,91,509,194,79
1011,2,2024-06-05 06:50:00,person,0.99,1685,762,26,147
1012,3,2024-06-03 18:02:00,vehicle,0.742,430,782,193,221
1013,4,2024-06-01 10:36:00,vehicle,0.933,1701,399,158,103
1014,1,2024-06-01 09:07:00,person,0.786,438,583,178,29
1015,3,2024-06-01 21:14:00,person,0.979,836,462,292,274
1016,4,2024-06-06 05:24:00,person,0.688,1349,612,76,229
1017,1,2024-06-06 12:02:00,person,0.716,122,507,89,88
1018,1,2024-06-04 13:10:00,person,0.707,1784,768,146,185
1019,1,2024-06-05 08:24:00,person,0.578,1415,883,290,186
1020,4,2024-06-05 08:48:00,person,0.959,783,951,209,50
1021,3,2024-06-07 06:30:00,person,0.941,1666,927,230,292
1022,3,2024-06-05 08:44:00,person,0.99,179,898,183,53
1023,1,2024-06-07 03:18:00,vehicle,0.938,135,982,56,28
1024,4,2024-06-02 03:03:00,unattended_bag,0.637,760,782,129,286
1025,2,2024-06-06 11:23:00,person,0.892,70,638,82,168
1026,4,2024-06-04 17:13:00,person,0.99,597,941,98,128
1027,1,2024-06-05 07:22:00,person,0.708,273,909,160,80
1028,2,2024-06-07 06:39:00,vehicle,0.915,1366,723,203,126
1029,3,2024-06-07 19:22:00,unattended_bag,0.781,1296,748,153,180
1030,4,2024-06-05 12:26:00,person,0.625,16,702,198,36
1031,2,2024-06-03 17:45:00,vehicle,0.73,1459,574,22,262
1032,3,2024-06-03 22:02:00,vehicle,0.842,1284,573,147,164
1033,4,2024-06-06 19:24:00,vehicle,0.447,633,316,250,236
1034,3,2024-06-02 14:33:00,vehicle,0.857,445,419,115,171
1035,4,2024-06-02 17:16:00,person,0.78,786,503,220,80
1036,4,2024-06-02 08:17:00,person,0.84,1588,733,196,93
1037,4,2024-06-01 09:30:00,vehicle,0.716,788,311,283,285
1038,4,2024-06-06 06:10:00,unattended_bag,0.812,1343,632,189,257
1039,3,2024-06-02 07:25:00,person,0.788,407,190,197,263
1040,1,2024-06-01 20:21:00,person,0.909,1226,793,219,102
1041,4,2024-06-02 03:40:00,person,0.888,981,16,73,290
1042,1,2024-06-02 22:17:00,person,0.845,789,532,212,22
1043,1,2024-06-03 23:06:00,person,0.853,947,340,95,167
1045,1,2024-06-03 23:17:00,vehicle,0.829,690,886,255,254
1046,4,2024-06-01 22:09:00,person,0.834,450,439,63,73
1047,1,2024-06-04 02:27:00,vehicle,0.689,1214,128,60,25
1048,3,2024-06-02 23:42:00,person,0.745,1799,756,156,70
1049,3,2024-06-04 16:54:00,vehicle,0.755,1144,377,126,62
1050,3,2024-06-07 16:03:00,person,0.99,1305,397,268,50
1051,3,2024-06-03 14:38:00,person,0.949,795,879,57,214
1052,1,2024-06-04 18:09:00,vehicle,0.99,665,822,102,22
1053,3,2024-06-06 10:09:00,vehicle,0.814,511,290,171,116
1054,1,2024-06-01 04:59:00,unattended_bag,0.742,573,658,171,158
1055,2,2024-06-02 02:59:00,person,0.84,495,274,65,277
1056,2,2024-06-03 08:05:00,vehicle,0.759,566,80,216,188
1057,2,2024-06-01 05:01:00,person,0.752,301,251,204,21
1058,1,2024-06-06 21:23:00,person,0.583,1369,692,273,51
1059,1,2024-06-07 01:15:00,person,0.651,1579,35,20,109
1060,3,2024-06-01 08:33:00,person,0.789,317,255,81,174
1061,1,2024-06-04 21:16:00,vehicle,0.815,164,838,183,167
1062,2,2024-06-04 00:42:00,person,0.645,1157,512,290,256
1063,1,2024-06-02 14:16:00,person,0.99,807,918,93,291
1064,4,2024-06-07 22:06:00,vehicle,0.789,1050,978,107,289
1065,1,2024-06-01 15:16:00,unattended_bag,0.978,1475,362,224,219
1066,4,2024-06-01 11:17:00,vehicle,0.743,59,618,257,199
1067,4,2024-06-02 17:18:00,person,0.947,286,979,100,151
1068,4,2024-06-01 12:45:00,person,0.727,611,43,284,66
1069,1,2024-06-07 14:49:00,person,0.956,874,910,204,194
1070,4,2024-06-04 06:33:00,vehicle,0.664,1704,798,264,278
1071,4,2024-06-02 02:40:00,person,0.717,1404,179,147,247
1072,4,2024-06-02 12:31:00,vehicle,0.849,1402,714,201,148
1073,1,2024-06-05 10:51:00,person,0.908,173,983,168,214
1074,2,2024-06-06 09:50:00,person,0.99,1787,49,165,182
1075,4,2024-06-06 20:13:00,person,0.692,529,203,27,36
1076,4,2024-06-03 09:43:00,person,0.703,657,936,48,126
1077,4,2024-06-01 20:07:00,vehicle,0.759,784,992,195,229
1079,4,2024-06-05 04:17:00,person,0.977,1569,665,28,164
1080,4,2024-06-06 01:30:00,person,0.947,1287,658,213,240
1081,4,2024-06-02 20:29:00,person,0.99,696,517,102,53
1082,3,2024-06-05 22:01:00,person,0.712,1753,605,235,233
1083,1,2024-06-04 16:57:00,person,0.931,1324,887,231,75
1084,1,2024-06-05 04:08:00,person,0.766,1174,885,146,251
1085,4,2024-06-01 05:31:00,person,0.785,264,716,139,75
1086,2,2024-06-06 15:09:00,vehicle,0.844,1516,634,230,242
1087,4,2024-06-04 08:59:00,vehicle,0.739,1537,72,181,26
1088,1,2024-06-03 23:56:00,vehicle,0.88,237,961,197,115
1089,4,2024-06-06 03:41:00,person,0.974,465,646,280,176
1090,1,2024-06-01 19:41:00,vehicle,0.711,1117,260,208,30
1091,1,2024-06-04 08:52:00,vehicle,0.912,773,355,100,198
1092,3,2024-06-07 12:04:00,person,0.879,365,196,34,212
1094,1,2024-06-05 07:27:00,vehicle,0.814,1159,325,265,174
1095,1,2024-06-02 09:32:00,person,0.824,571,114,99,282
1096,1,2024-06-03 01:50:00,person,0.881,496,931,232,181
1097,1,2024-06-03 02:25:00,vehicle,0.99,1695,89,124,80
1098,3,2024-06-03 12:45:00,person,0.726,142,969,205,103
1099,3,2024-06-04 18:44:00,person,0.791,772,598,272,65
1100,2,2024-06-03 21:46:00,person,0.831,46,482,286,136
1101,1,2024-06-03 10:59:00,person,0.74,1170,123,91,171
1102,1,2024-06-01 23:28:00,person,0.783,1528,703,46,67
1103,4,2024-06-07 01:50:00,unattended_bag,0.868,1133,167,212,69
1104,4,2024-06-06 21:47:00,person,0.824,1661,828,255,112
1105,1,2024-06-07 15:52:00,person,0.914,122,765,38,165
1106,2,2024-06-01 05:43:00,unattended_bag,0.782,149,973,241,183
1107,3,2024-06-03 04:34:00,person,0.848,333,204,26,85
1108,3,2024-06-06 02:45:00,person,0.917,1617,484,292,232
1109,4,2024-06-04 08:31:00,vehicle,0.702,431,286,201,180
1110,3,2024-06-03 07:56:00,person,0.659,338,462,203,39
1111,4,2024-06-02 13:47:00,person,0.762,705,363,114,290
1112,3,2024-06-06 00:46:00,person,0.626,913,177,217,58
1113,2,2024-06-05 19:12:00,person,0.722,1713,324,136,124
1114,2,2024-06-03 08:46:00,vehicle,0.862,6,642,283,201
1115,1,2024-06-07 10:40:00,vehicle,0.824,421,239,26,102
1117,1,2024-06-03 07:17:00,vehicle,0.847,794,436,176,190
1118,1,2024-06-06 21:18:00,vehicle,0.838,1345,452,143,197
1119,1,2024-06-03 21:40:00,vehicle,0.697,1757,711,217,170
1120,4,2024-06-02 17:38:00,vehicle,0.774,1056,933,255,264
1121,3,2024-06-02 23:55:00,vehicle,0.787,1385,0,233,199
1122,4,2024-06-03 11:37:00,person,0.99,956,719,175,271
1123,2,2024-06-07 01:09:00,person,0.772,439,339,41,246
1124,2,2024-06-02 13:59:00,person,0.679,565,324,84,91
1125,4,2024-06-02 03:35:00,unattended_bag,0.758,1706,456,244,291
1126,2,2024-06-03 18:02:00,person,0.594,779,62,155,296
1127,3,2024-06-05 22:33:00,person,0.846,489,952,229,57
1128,2,2024-06-03 03:43:00,person,0.749,1512,339,285,153
1129,1,2024-06-03 02:49:00,person,0.894,569,385,239,193
1130,1,2024-06-06 15:17:00,person,0.973,1306,787,284,78
1131,4,2024-06-02 05:21:00,person,0.87,200,863,286,204
1132,4,2024-06-04 06:50:00,person,0.896,1363,428,87,287
1133,1,2024-06-01 21:33:00,person,0.826,1662,878,99,159
1134,1,2024-06-07 20:53:00,person,0.935,117,221,103,195
1135,4,2024-06-04 12:55:00,person,0.951,1623,596,229,287
1136,3,2024-06-02 14:40:00,person,0.941,1187,477,279,80
1137,3,2024-06-05 11:05:00,person,0.918,492,270,93,205
1138,4,2024-06-06 02:41:00,person,0.864,388,361,261,244
1139,3,2024-06-01 03:06:00,unattended_bag,0.99,711,164,91,24
1140,3,2024-06-04 11:51:00,person,0.838,1564,806,228,52
1141,4,2024-06-04 20:59:00,person,0.868,1391,537,237,58
1142,1,2024-06-03 13:41:00,person,0.926,16,254,266,169
1143,4,2024-06-03 12:05:00,person,0.88,1438,252,127,149
1144,2,2024-06-05 17:35:00,person,0.816,1332,760,266,251
1145,2,2024-06-01 20:23:00,vehicle,0.639,1307,756,223,284
1146,3,2024-06-02 18:46:00,person,0.788,1268,158,178,288
1147,3,2024-06-06 16:10:00,person,0.746,13,705,210,143
1148,3,2024-06-04 03:27:00,vehicle,0.99,1409,649,181,71
1150,2,2024-06-05 16:01:00,person,0.814,1482,241,76,225
1151,4,2024-06-01 10:43:00,person,0.963,910,574,43,111
1152,2,2024-06-01 21:27:00,vehicle,0.843,1121,314,294,160
1153,4,2024-06-05 20:14:00,person,0.707,622,280,197,113
1154,2,2024-06-06 05:32:00,person,0.809,1275,200,103,42
1155,1,2024-06-06 01:38:00,person,0.701,253,396,296,160
1156,2,2024-06-01 05:51:00,person,0.868,867,1,117,284
1157,3,2024-06-06 00:02:00,vehicle,0.608,62,330,283,139
1158,1,2024-06-04 14:56:00,person,0.774,1124,349,156,265
1159,1,2024-06-06 14:34:00,person,0.99,1344,402,209,137
1161,3,2024-06-01 02:41:00,vehicle,0.824,1406,874,133,72
1163,2,2024-06-04 05:33:00,person,0.886,874,596,82,135
1164,1,2024-06-06 02:15:00,person,0.823,688,905,227,272
1165,3,2024-06-07 20:58:00,person,0.812,741,722,202,241
1166,1,2024-06-05 22:08:00,person,0.799,1095,249,179,143
1167,4,2024-06-02 20:02:00,vehicle,0.871,506,78,54,110
1168,4,2024-06-01 19:41:00,person,0.824,1689,603,58,287
1169,3,2024-06-07 02:18:00,unattended_bag,0.781,1579,209,120,104
1170,1,2024-06-06 15:53:00,person,0.783,492,982,36,116
1171,2,2024-06-05 11:43:00,person,0.821,1799,314,32,238
1172,1,2024-06-02 11:12:00,person,0.874,1048,496,123,233
1173,3,2024-06-06 05:51:00,person,0.712,1109,807,241,226
1174,2,2024-06-01 22:27:00,person,0.99,80,21,285,210
1175,4,2024-06-04 12:41:00,person,0.942,232,531,159,39
1176,2,2024-06-03 17:35:00,person,0.714,757,597,226,283
1177,3,2024-06-03 13:03:00,vehicle,0.705,1634,85,69,107
1178,2,2024-06-03 02:32:00,person,0.924,1090,921,207,194
1179,2,2024-06-04 17:25:00,person,0.716,706,772,168,208
1180,1,2024-06-05 23:46:00,person,0.702,1477,434,169,251
1181,1,2024-06-01 22:30:00,vehicle,0.621,49,884,211,230
1182,1,2024-06-06 12:40:00,vehicle,0.894,826,823,256,30
1183,4,2024-06-02 13:14:00,person,0.867,531,374,203,97
1184,2,2024-06-02 19:19:00,person,0.838,232,460,277,35
1185,1,2024-06-02 15:47:00,person,0.937,1152,127,162,77
1186,4,2024-06-02 22:48:00,person,0.911,455,7,158,238
1187,1,2024-06-01 03:32:00,person,0.884,159,382,212,60
1188,1,2024-06-01 01:40:00,vehicle,0.899,172,340,221,138
1189,1,2024-06-05 15:47:00,person,0.895,1119,23,259,80
1190,1,2024-06-07 19:18:00,person,0.746,1676,370,174,210
1191,3,2024-06-01 02:02:00,person,0.922,31,36,75,129
1192,2,2024-06-05 23:59:00,person,0.74,1669,586,80,207
1193,3,2024-06-07 17:53:00,person,0.778,483,228,102,30
1194,2,2024-06-02 01:07:00,person,0.939,1005,463,97,126
1195,2,2024-06-02 20:00:00,person,0.813,1172,628,218,295
1196,1,2024-06-04 08:28:00,person,0.715,479,601,218,220
1197,1,2024-06-02 17:44:00,person,0.951,1239,10,216,134
1198,4,2024-06-03 03:39:00,person,0.743,833,304,285,262
1199,3,2024-06-03 05:57:00,person,0.835,681,217,181,284
1200,1,2024-06-07 01:42:00,person,0.949,571,716,206,292
1202,4,2024-06-05 21:10:00,person,0.829,995,995,299,273
1204,2,2024-06-03 03:08:00,vehicle,0.719,1646,534,176,222
1205,3,2024-06-05 10:59:00,person,0.818,488,356,271,62
1206,4,2024-06-05 08:05:00,vehicle,0.794,815,507,132,272
1207,3,2024-06-06 00:00:00,person,0.881,560,481,282,94
1208,3,2024-06-06 12:55:00,vehicle,0.681,1558,708,92,266
1209,1,2024-06-07 03:10:00,person,0.708,1383,770,244,57
1210,2,2024-06-06 06:39:00,person,0.792,109,45,161,268
1211,1,2024-06-03 17:42:00,person,0.781,614,691,211,90
1212,2,2024-06-06 07:45:00,person,0.736,948,387,278,26
1213,4,2024-06-07 05:19:00,vehicle,0.712,1746,898,170,73
1214,4,2024-06-04 06:35:00,person,0.809,472,563,208,243
1215,1,2024-06-04 02:44:00,vehicle,0.688,350,500,260,197
1216,2,2024-06-05 01:34:00,person,0.791,617,642,194,34
1218,4,2024-06-01 18:05:00,vehicle,0.84,346,461,76,262
1219,1,2024-06-06 21:31:00,person,0.689,1432,962,225,161
1220,1,2024-06-07 02:12:00,person,0.878,958,36,169,132
1221,4,2024-06-07 13:34:00,vehicle,0.658,709,212,266,34
1222,3,2024-06-07 23:34:00,person,0.863,1372,354,246,294
1223,3,2024-06-03 11:03:00,person,0.84,1426,119,92,159
1224,3,2024-06-04 12:21:00,vehicle,0.91,839,198,272,242
1225,4,2024-06-06 20:14:00,person,0.865,481,967,123,230
1227,2,2024-06-04 09:46:00,person,0.788,1544,441,241,271
1228,1,2024-06-06 08:08:00,vehicle,0.824,1125,586,106,232
1229,1,2024-06-05 23:07:00,person,0.629,1485,160,105,229
1230,1,2024-06-07 16:31:00,vehicle,0.623,63,687,220,153
1231,2,2024-06-07 02:34:00,vehicle,0.756,181,999,98,217
1232,2,2024-06-01 05:53:00,person,0.924,1316,320,233,243
1233,2,2024-06-07 08:59:00,person,0.799,651,362,170,248
1234,2,2024-06-07 02:45:00,person,0.689,668,308,275,289
1235,2,2024-06-04 01:39:00,vehicle,0.888,699,402,105,55
1236,2,2024-06-06 18:28:00,vehicle,0.815,1319,947,216,242
1237,2,2024-06-03 02:01:00,person,0.649,1289,487,108,298
1238,4,2024-06-04 15:35:00,person,0.723,1655,454,274,98
1239,1,2024-06-06 06:32:00,person,0.813,685,110,152,114
1240,1,2024-06-01 20:39:00,person,0.867,1297,527,82,67
1241,4,2024-06-01 03:43:00,person,0.865,68,772,277,53
1242,1,2024-06-03 21:34:00,person,0.834,1365,449,59,98
1243,1,2024-06-03 00:53:00,person,0.66,413,394,266,266
1244,4,2024-06-02 20:48:00,unattended_bag,0.83,398,979,45,122
1245,1,2024-06-06 16:20:00,person,0.715,1125,682,224,283
1247,3,2024-06-02 22:07:00,unattended_bag,0.794,1270,450,96,162
1248,4,2024-06-07 04:54:00,person,0.954,1077,947,36,266
1249,4,2024-06-03 14:59:00,person,0.643,590,641,75,82
1250,3,2024-06-01 11:52:00,person,0.944,893,596,147,128
1251,4,2024-06-05 12:00:00,unattended_bag,0.913,27,455,278,178
1252,2,2024-06-05 04:31:00,person,0.799,542,955,83,131
1253,4,2024-06-07 18:06:00,vehicle,0.784,246,186,270,151
1254,4,2024-06-03 00:07:00,person,0.733,379,168,105,284
1255,1,2024-06-02 22:04:00,person,0.829,1564,641,236,235
1256,4,2024-06-05 02:49:00,unattended_bag,0.863,1200,696,162,105
1257,2,2024-06-06 12:09:00,unattended_bag,0.939,24,153,184,228
1258,1,2024-06-02 06:45:00,person,0.99,1192,543,279,60
1259,3,2024-06-01 00:50:00,person,0.964,843,883,135,120
1261,3,2024-06-01 05:15:00,unattended_bag,0.891,81,105,271,279
1262,4,2024-06-05 13:53:00,person,0.906,288,820,261,222
1263,4,2024-06-01 04:19:00,person,0.836,362,87,127,140
1264,2,2024-06-07 09:05:00,person,0.727,394,468,180,39
1265,1,2024-06-05 08:16:00,person,0.969,1671,197,160,22
1266,1,2024-06-01 23:35:00,person,0.893,1317,488,215,173
1267,1,2024-06-02 10:52:00,person,0.638,587,727,75,94
1268,1,2024-06-01 18:37:00,person,0.99,823,928,129,118
1269,1,2024-06-03 10:45:00,vehicle,0.76,627,983,193,132
1270,3,2024-06-06 10:49:00,person,0.615,810,759,64,147
1271,2,2024-06-04 23:28:00,unattended_bag,0.954,689,352,42,62
1272,4,2024-06-04 10:40:00,person,0.675,195,276,188,90
1273,2,2024-06-05 08:33:00,vehicle,0.821,722,105,143,106
1274,2,2024-06-01 05:59:00,person,0.969,470,85,207,155
1275,4,2024-06-02 23:43:00,vehicle,0.769,1508,5,45,243
1276,2,2024-06-06 11:08:00,vehicle,0.956,903,900,241,196
1277,4,2024-06-07 19:32:00,person,0.887,340,622,28,207
1278,4,2024-06-05 07:15:00,person,0.819,1742,129,161,213
1279,2,2024-06-01 23:12:00,vehicle,0.917,725,562,117,234
1280,4,2024-06-07 01:07:00,vehicle,0.89,274,543,218,135
1281,1,2024-06-07 15:15:00,person,0.81,1436,787,202,284
1282,3,2024-06-01 06:30:00,person,0.913,1202,536,138,181
1283,2,2024-06-06 05:44:00,person,0.807,127,815,50,256
1284,4,2024-06-05 03:28:00,unattended_bag,0.597,1373,25,144,173
1285,2,2024-06-01 10:46:00,person,0.824,810,395,209,102
1286,2,2024-06-03 08:52:00,person,0.792,1026,739,281,102
1287,3,2024-06-07 12:56:00,person,0.861,1323,585,231,41
1288,3,2024-06-07 18:52:00,person,0.984,1602,283,298,222
1289,1,2024-06-02 20:09:00,vehicle,0.835,468,236,162,209
1290,4,2024-06-06 16:11:00,vehicle,0.816,511,749,206,261
1291,2,2024-06-05 10:40:00,vehicle,0.926,890,234,80,139
1292,2,2024-06-05 18:45:00,vehicle,0.807,1522,909,206,174
1293,4,2024-06-02 18:35:00,person,0.924,663,717,256,264
1294,2,2024-06-01 17:05:00,person,0.745,1745,90,138,70
1295,4,2024-06-02 17:23:00,person,0.497,862,370,47,159
1296,2,2024-06-05 17:50:00,person,0.99,1474,926,209,157
1297,3,2024-06-05 17:22:00,person,0.906,757,980,101,29
1299,4,2024-06-02 07:10:00,person,0.583,1437,964,234,53
1301,2,2024-06-06 15:01:00,person,0.823,121,511,30,147
1302,4,2024-06-02 10:55:00,person,0.873,1253,602,76,139
1303,1,2024-06-02 17:48:00,vehicle,0.824,1040,908,203,195
1304,3,2024-06-06 06:38:00,vehicle,0.824,5,536,218,24
1305,1,2024-06-03 15:44:00,vehicle,0.598,1109,332,139,245
1306,2,2024-06-06 03:37:00,person,0.766,153,78,91,102
1307,4,2024-06-06 14:18:00,person,0.752,368,756,82,254
1308,2,2024-06-06 14:50:00,person,0.687,864,983,39,205
1309,2,2024-06-03 11:55:00,person,0.824,778,382,24,179
1310,2,2024-06-06 01:14:00,person,0.793,67,26,293,174
1311,1,2024-06-03 18:56:00,vehicle,0.838,185,967,158,206
1312,4,2024-06-06 20:57:00,vehicle,0.676,1287,479,102,79
1313,2,2024-06-06 18:12:00,person,0.99,310,198,270,263
1314,4,2024-06-02 14:19:00,person,0.848,1792,712,132,183
1315,2,2024-06-05 13:04:00,person,0.903,661,215,110,270
1316,1,2024-06-04 19:25:00,person,0.729,781,570,135,297
1317,3,2024-06-07 02:05:00,person,0.782,47,656,224,243
1318,1,2024-06-02 19:05:00,person,0.785,444,957,20,128
1319,1,2024-06-03 10:22:00,person,0.99,444,191,272,55
1320,1,2024-06-05 17:04:00,person,0.979,1272,260,94,241
1321,2,2024-06-02 06:15:00,person,0.749,1189,696,258,200
1322,3,2024-06-07 01:19:00,vehicle,0.985,1432,768,190,251
1323,4,2024-06-04 19:20:00,person,0.862,1486,801,20,235
1324,3,2024-06-07 11:49:00,person,0.785,40,581,163,72
1325,3,2024-06-03 22:19:00,person,0.865,42,260,99,239
1326,2,2024-06-05 18:32:00,vehicle,0.962,1562,795,174,178
1327,4,2024-06-04 17:04:00,person,0.63,1201,606,254,153
1328,4,2024-06-07 18:45:00,person,0.926,274,436,237,286
1329,1,2024-06-05 02:05:00,person,0.965,705,19,117,248
1331,4,2024-06-03 23:27:00,person,0.699,200,823,223,186
1332,1,2024-06-05 19:00:00,person,0.778,844,2,122,246
1333,1,2024-06-02 14:10:00,person,0.602,1589,740,231,96
1334,2,2024-06-03 11:47:00,person,0.808,76,541,156,128
1335,4,2024-06-04 10:09:00,person,0.99,1391,926,37,173
1336,4,2024-06-07 22:00:00,person,0.727,1696,568,87,228
1337,4,2024-06-02 16:32:00,person,0.764,512,719,250,276
1338,3,2024-06-05 01:47:00,vehicle,0.71,238,140,26,278
1339,1,2024-06-04 06:34:00,person,0.881,935,566,241,201
1340,4,2024-06-07 02:10:00,person,0.914,647,466,294,45
1341,2,2024-06-07 05:44:00,unattended_bag,0.824,322,546,209,95
1342,4,2024-06-04 12:09:00,vehicle,0.956,283,653,289,193
1343,4,2024-06-02 22:05:00,person,0.985,1068,715,162,59
1345,2,2024-06-02 00:26:00,person,0.698,199,53,27,87
1346,3,2024-06-03 23:15:00,person,0.815,141,891,159,189
1347,1,2024-06-07 07:19:00,person,0.913,1294,373,133,291
1348,1,2024-06-07 23:50:00,vehicle,0.824,996,229,184,69
1349,1,2024-06-06 02:09:00,vehicle,0.845,1074,19,165,293
1350,3,2024-06-05 02:31:00,person,0.892,1288,835,208,93
1351,2,2024-06-04 23:41:00,vehicle,0.849,1331,212,258,161
1352,3,2024-06-02 09:19:00,person,0.714,748,773,183,26
1353,4,2024-06-06 23:22:00,person,0.565,245,563,263,72
1354,2,2024-06-01 20:01:00,vehicle,0.722,1126,712,275,297
1355,2,2024-06-06 04:53:00,person,0.848,1167,309,229,251
1356,2,2024-06-03 02:47:00,person,0.821,1626,899,48,158
1357,2,2024-06-05 05:30:00,vehicle,0.695,1390,339,173,170
1358,2,2024-06-04 00:28:00,person,0.919,706,851,275,120
1359,2,2024-06-03 17:25:00,person,0.892,1060,388,73,205
1360,2,2024-06-03 21:55:00,person,0.956,1289,295,179,94
1361,2,2024-06-05 04:28:00,vehicle,0.99,1110,391,130,131
1362,3,2024-06-07 08:08:00,vehicle,0.867,1682,623,277,239
1363,1,2024-06-06 11:24:00,vehicle,0.867,69,573,84,201
1364,2,2024-06-04 08:41:00,vehicle,0.753,1373,89,100,240
1365,2,2024-06-06 06:47:00,vehicle,0.881,1078,67,194,88
1366,2,2024-06-04 12:45:00,vehicle,0.721,849,147,227,65
1367,1,2024-06-07 16:54:00,vehicle,0.69,1290,796,267,175
1368,3,2024-06-06 16:56:00,person,0.811,18,125,172,148
1369,1,2024-06-02 00:46:00,person,0.828,1576,458,237,273
1370,3,2024-06-04 20:00:00,person,0.491,331,461,77,166
1371,1,2024-06-06 07:07:00,person,0.707,1247,285,38,58
1372,1,2024-06-03 08:18:00,person,0.788,19,152,253,152
1373,2,2024-06-06 20:25:00,person,0.943,362,425,190,68
1374,2,2024-06-01 06:52:00,person,0.78,782,485,46,226
1375,2,2024-06-05 14:08:00,vehicle,0.888,1035,869,55,261
1376,3,2024-06-03 17:21:00,vehicle,0.851,804,890,213,264
1377,3,2024-06-07 13:35:00,person,0.828,403,526,246,60
1378,2,2024-06-02 22:54:00,person,0.618,711,351,63,126
1379,4,2024-06-04 10:00:00,vehicle,0.876,170,898,284,139
1380,2,2024-06-05 09:11:00,vehicle,0.755,760,983,167,224
1381,2,2024-06-02 18:02:00,person,0.712,172,400,175,79
1382,1,2024-06-04 03:26:00,person,0.893,93,32,85,184
1383,1,2024-06-06 19:38:00,person,0.712,879,427,292,214
1384,1,2024-06-02 14:18:00,vehicle,0.865,1595,209,64,272
1385,3,2024-06-04 22:54:00,vehicle,0.75,820,450,25,30
1387,3,2024-06-02 22:09:00,vehicle,0.728,1563,196,279,125
1388,2,2024-06-04 07:48:00,person,0.707,786,30,29,239
1389,4,2024-06-07 23:28:00,person,0.814,1244,277,44,42
1390,2,2024-06-07 19:03:00,unattended_bag,0.99,1475,387,193,240
1391,2,2024-06-06 21:55:00,person,0.833,937,227,92,145
1392,2,2024-06-01 01:47:00,person,0.639,1376,158,157,254
1393,1,2024-06-07 23:34:00,person,0.808,135,629,131,254
1394,3,2024-06-05 16:32:00,person,0.824,212,178,180,43
1395,1,2024-06-07 21:08:00,person,0.653,597,21,124,128
1396,4,2024-06-01 06:37:00,vehicle,0.958,1725,575,80,247
1397,3,2024-06-01 16:01:00,person,0.906,641,751,127,286
1398,4,2024-06-07 22:39:00,vehicle,0.622,184,158,227,203
1399,4,2024-06-07 14:59:00,person,0.722,600,495,147,119
1400,1,2024-06-03 22:53:00,person,0.588,1630,327,69,277
1401,1,2024-06-05 23:29:00,vehicle,0.649,1464,600,105,200
1402,4,2024-06-05 13:53:00,person,0.738,524,851,291,135
1403,3,2024-06-06 04:57:00,person,0.859,937,261,27,103
1404,3,2024-06-07 00:14:00,person,0.85,440,563,44,45
1405,2,2024-06-03 08:17:00,person,0.818,1738,932,172,115
1406,4,2024-06-03 07:37:00,person,0.857,483,261,210,227
1407,1,2024-06-07 18:41:00,person,0.99,1161,392,83,199
1408,2,2024-06-06 20:06:00,person,0.99,1676,583,124,118
1409,3,2024-06-02 17:51:00,vehicle,0.99,588,513,271,135
1410,4,2024-06-05 10:11:00,unattended_bag,0.797,206,115,71,237
1411,2,2024-06-02 22:53:00,vehicle,0.777,1176,703,240,107
1412,4,2024-06-03 17:06:00,vehicle,0.929,1302,329,141,166
1413,2,2024-06-03 09:21:00,vehicle,0.816,212,402,172,184
1415,2,2024-06-04 03:40:00,person,0.931,1522,983,78,185
1416,2,2024-06-06 20:55:00,person,0.755,358,716,137,209
1417,2,2024-06-06 20:40:00,person,0.792,1536,705,272,163
1418,3,2024-06-04 04:18:00,person,0.824,1752,414,204,78
1419,2,2024-06-04 02:50:00,person,0.841,460,867,21,23
1420,1,2024-06-02 12:34:00,vehicle,0.821,1473,274,113,251
1421,1,2024-06-06 23:02:00,vehicle,0.761,837,880,135,104
1422,4,2024-06-02 13:51:00,vehicle,0.75,1693,439,86,151
1423,4,2024-06-03 06:13:00,person,0.822,633,585,188,24
1424,3,2024-06-07 14:49:00,person,0.603,626,957,191,63
1425,2,2024-06-07 21:03:00,person,0.86,298,359,66,132
1426,2,2024-06-02 03:52:00,person,0.824,708,177,106,262
1427,2,2024-06-03 19:52:00,person,0.613,1682,327,268,273
1428,2,2024-06-04 16:53:00,person,0.824,1063,25,133,234
1429,3,2024-06-02 11:54:00,person,0.99,1408,143,153,146
1430,3,2024-06-01 15:11:00,vehicle,0.869,939,959,237,33
1431,4,2024-06-04 18:05:00,person,0.887,1354,667,93,225
1432,4,2024-06-03 08:59:00,vehicle,0.799,828,455,276,292
1433,2,2024-06-01 09:45:00,unattended_bag,0.906,873,820,53,242
1434,2,2024-06-03 09:17:00,vehicle,0.975,517,62,162,159
1435,4,2024-06-04 15:29:00,person,0.566,1580,534,280,187
1436,1,2024-06-05 00:53:00,person,0.769,1239,102,43,20
1437,2,2024-06-03 04:52:00,person,0.82,196,689,39,237
1438,3,2024-06-02 23:34:00,person,0.877,410,542,47,184
1439,3,2024-06-07 04:29:00,person,0.741,1628,733,248,264
1440,2,2024-06-03 01:04:00,vehicle,0.551,1219,477,162,42
1441,3,2024-06-02 06:21:00,person,0.89,1427,339,183,211
1442,3,2024-06-02 19:11:00,unattended_bag,0.855,357,643,26,233
1443,2,2024-06-05 06:31:00,person,0.756,127,627,237,125
1444,3,2024-06-03 18:56:00,person,0.866,1229,748,41,143
1445,3,2024-06-03 20:11:00,vehicle,0.796,815,243,197,130
1447,4,2024-06-01 01:33:00,person,0.909,406,795,187,241
1448,3,2024-06-02 23:02:00,person,0.926,764,791,68,255
1449,3,2024-06-02 08:11:00,person,0.649,807,932,20,223
1450,4,2024-06-02 21:03:00,vehicle,0.86,342,264,285,183
1451,3,2024-06-05 21:34:00,unattended_bag,0.875,237,43,211,231
1452,3,2024-06-07 15:16:00,vehicle,0.99,373,734,194,285
1453,4,2024-06-04 22:39:00,vehicle,0.922,1203,54,143,37
1454,1,2024-06-01 05:50:00,person,0.706,1655,269,94,23
1455,3,2024-06-01 10:01:00,vehicle,0.651,205,157,70,61
1456,1,2024-06-04 06:41:00,vehicle,0.895,1080,707,147,242
1457,4,2024-06-02 17:09:00,person,0.699,15,108,122,122
1458,1,2024-06-01 01:39:00,person,0.935,1007,79,293,188
1459,1,2024-06-03 03:06:00,vehicle,0.676,503,643,213,134
1460,3,2024-06-01 14:20:00,person,0.802,109,762,298,59
1461,2,2024-06-06 01:36:00,vehicle,0.761,591,667,85,180
1462,2,2024-06-07 16:14:00,person,0.825,801,628,124,178
1463,4,2024-06-06 02:01:00,unattended_bag,0.814,473,21,197,232
1464,4,2024-06-03 04:12:00,person,0.809,144,358,256,55
1465,2,2024-06-06 01:42:00,vehicle,0.99,1622,19,25,180
1466,1,2024-06-04 06:49:00,unattended_bag,0.99,1637,59,251,269
1468,2,2024-06-02 04:44:00,person,0.884,1369,23,191,110
1469,4,2024-06-03 09:02:00,vehicle,0.694,1030,257,64,42
1470,1,2024-06-05 23:12:00,unattended_bag,0.411,1125,781,136,275
1471,1,2024-06-03 00:23:00,person,0.99,1599,781,76,96
1472,4,2024-06-05 18:30:00,unattended_bag,0.74,1155,15,210,75
1473,3,2024-06-02 12:40:00,person,0.836,682,813,239,129
1474,2,2024-06-02 12:14:00,vehicle,0.768,1644,139,42,152
1475,3,2024-06-06 04:27:00,person,0.695,77,808,237,219
1476,4,2024-06-03 17:54:00,vehicle,0.616,1794,581,293,22
1477,3,2024-06-01 20:17:00,person,0.824,79,382,89,261
1478,3,2024-06-07 10:33:00,person,0.779,1010,212,91,86
1479,4,2024-06-03 17:32:00,vehicle,0.858,1634,968,203,25
1480,3,2024-06-04 18:37:00,person,0.99,635,434,280,288
1481,2,2024-06-06 17:18:00,person,0.858,413,525,173,113
1482,2,2024-06-03 20:18:00,vehicle,0.714,177,47,139,178
1484,2,2024-06-02 15:28:00,person,0.865,1018,931,230,90
1485,2,2024-06-06 05:14:00,person,0.906,327,420,280,26
1486,1,2024-06-07 04:48:00,person,0.787,883,5,268,78
1487,2,2024-06-07 22:19:00,vehicle,0.854,661,105,290,134
1488,2,2024-06-02 10:36:00,vehicle,0.893,1585,350,122,251
1489,2,2024-06-04 04:02:00,person,0.864,1044,216,142,149
1490,2,2024-06-03 02:51:00,person,0.832,923,974,55,85
1491,3,2024-06-07 17:23:00,vehicle,0.721,845,54,87,138
1492,2,2024-06-01 20:43:00,person,0.876,1154,652,216,178
1493,1,2024-06-03 16:31:00,person,0.857,616,709,88,209
1494,1,2024-06-02 18:57:00,person,0.79,496,135,103,92
1495,4,2024-06-04 23:50:00,unattended_bag,0.914,1541,404,259,100
1496,4,2024-06-03 18:42:00,vehicle,0.926,745,141,165,161
1497,3,2024-06-04 07:48:00,person,0.677,124,594,106,121
1498,1,2024-06-03 08:41:00,vehicle,0.99,733,868,60,214
1499,2,2024-06-02 23:55:00,vehicle,0.949,32,586,295,96
1500,1,2024-06-05 03:48:00,person,0.84,354,421,214,198
1501,2,2024-06-05 03:41:00,vehicle,0.857,172,190,35,97
1502,2,2024-06-07 07:02:00,person,0.825,889,538,123,124
1503,1,2024-06-02 09:56:00,vehicle,0.965,134,381,223,280
1504,2,2024-06-04 01:32:00,vehicle,0.866,676,406,292,116
1505,2,2024-06-03 01:20:00,person,0.887,405,223,34,106
1506,3,2024-06-04 22:08:00,person,0.856,269,562,20,131
1507,1,2024-06-04 23:25:00,person,0.737,1130,855,189,130
1508,1,2024-06-02 05:12:00,vehicle,0.967,780,705,62,246
1509,4,2024-06-01 20:48:00,person,0.763,1035,658,194,251
1510,3,2024-06-06 22:34:00,person,0.723,146,735,76,217
1511,3,2024-06-06 14:11:00,person,0.814,56,364,124,203
1512,2,2024-06-07 08:31:00,person,0.736,950,545,130,117
1513,2,2024-06-03 20:49:00,person,0.958,107,103,216,69
1514,3,2024-06-05 08:08:00,person,0.792,985,576,29,224
1515,1,2024-06-06 02:44:00,person,0.58,1785,523,166,223
1516,1,2024-06-07 06:52:00,person,0.701,168,264,146,243
1517,3,2024-06-05 07:01:00,person,0.767,1102,57,22,293
1518,2,2024-06-01 04:18:00,person,0.848,345,493,92,73
1519,2,2024-06-06 20:55:00,vehicle,0.974,363,715,236,280
1520,3,2024-06-03 14:20:00,vehicle,0.781,557,380,297,290
1521,2,2024-06-04 18:13:00,person,0.819,239,20,90,275
1522,1,2024-06-03 12:13:00,person,0.9,1465,510,143,153
1523,3,2024-06-01 23:59:00,person,0.801,967,417,217,59
1524,3,2024-06-06 09:13:00,person,0.819,1191,170,178,279
1525,1,2024-06-02 13:21:00,person,0.537,862,389,55,129
1526,2,2024-06-07 00:28:00,vehicle,0.875,1797,573,146,91
1527,4,2024-06-01 22:24:00,vehicle,0.99,977,879,169,195
1528,4,2024-06-05 13:39:00,person,0.878,1548,897,181,183
1529,3,2024-06-04 15:52:00,vehicle,0.787,1497,870,281,202
1530,4,2024-06-07 01:25:00,person,0.723,990,81,240,96
